id,genre_name
1371,Drama
1405,Drama
1405,History
2105,Comedy
2105,Romance
2193,Comedy
2193,Drama
2193,Romance
2294,Comedy
2455,Drama
2455,Comedy
2455,Crime
17,Horror
17,Thriller
17,Mystery
62,ScienceFiction
62,Mystery
62,Adventure
110,Drama
110,Mystery
110,Romance
144,Drama
144,Fantasy
144,Romance
150,Thriller
150,Action
150,Comedy
150,Crime
150,Drama
153,Drama
161,Thriller
161,Crime
165,Adventure
165,Comedy
165,Family
165,ScienceFiction
168,ScienceFiction
168,Adventure
185,ScienceFiction
185,Drama
186,Drama
186,Thriller
186,Crime
186,Mystery
222,Documentary
222,History
223,Drama
223,Mystery
225,Drama
225,History
235,Crime
235,Drama
248,Comedy
248,Drama
253,Adventure
253,Action
253,Thriller
261,Drama
261,Romance
265,War
265,Drama
265,Romance
266,Drama
272,Action
272,Crime
272,Drama
273,Drama
292,Comedy
292,Documentary
292,Music
296,Action
296,Thriller
296,ScienceFiction
300,Comedy
300,Drama
300,Fantasy
314,Action
314,Crime
317,Drama
317,History
319,Action
319,Thriller
319,Crime
319,Romance
339,Comedy
339,Drama
349,Comedy
350,Comedy
350,Drama
350,Romance
364,Action
364,Fantasy
377,Horror
405,Drama
410,Comedy
410,Drama
454,Drama
454,Romance
457,Comedy
457,Drama
457,Romance
468,Drama
468,Romance
480,Comedy
480,Drama
480,Romance
497,Fantasy
497,Drama
497,Crime
500,Crime
500,Thriller
508,Comedy
508,Romance
508,Drama
509,Romance
509,Comedy
509,Drama
527,Drama
537,Romance
537,Drama
539,Drama
539,Horror
539,Thriller
550,Drama
551,Action
551,Adventure
552,Drama
552,Comedy
552,Romance
585,Animation
585,Comedy
585,Family
586,Comedy
586,Drama
587,Adventure
587,Fantasy
587,Drama
588,Horror
588,Mystery
590,Drama
592,Crime
592,Drama
592,Mystery
593,Drama
593,ScienceFiction
593,Adventure
593,Mystery
616,Drama
616,Action
616,War
616,History
661,War
661,Drama
247,Drama
247,Action
247,Thriller
247,Crime
267,Drama
267,Romance
267,Thriller
318,Drama
318,Thriller
595,Crime
595,Drama
778,Comedy
778,Family
1271,Action
1271,Adventure
1271,War
1378,Romance
1378,Drama
1378,Comedy
1580,Crime
1580,Drama
1580,Mystery
1580,Thriller
1721,Adventure
1721,Action
1721,Comedy
1884,Adventure
1884,Family
1884,Fantasy
1884,ScienceFiction
1884,TVMovie
2028,Comedy
2028,Drama
2028,Romance
2694,Drama
2694,Romance
2694,Foreign
2762,Drama
2762,Crime
2841,Drama
2959,Comedy
44191,Comedy
58559,Drama
152,ScienceFiction
152,Adventure
152,Mystery
344,Crime
344,Action
344,Comedy
345,Mystery
345,Drama
1089,Action
1089,Thriller
1089,Crime
1127,Drama
1358,Documentary
1499,Action
1499,Adventure
1499,Comedy
1499,Family
1499,Fantasy
1499,ScienceFiction
1611,Drama
1611,Comedy
1690,Horror
1719,Drama
1719,Romance
1887,Drama
1887,History
1923,Drama
1923,Mystery
2108,Comedy
2108,Drama
2539,Comedy
2890,Documentary
2907,Horror
2907,Comedy
2907,Fantasy
2926,Action
2926,Adventure
2926,Comedy
2926,Drama
3019,Horror
3019,ScienceFiction
70,Drama
169,ScienceFiction
169,Action
169,Thriller
923,Horror
1408,Action
1408,Adventure
1918,Drama
2042,History
2042,Drama
2042,War
26614,Drama
91548,Drama
91548,Action
91548,Thriller
97938,Family
97938,Romance
97938,Drama
608,Action
608,Adventure
608,Comedy
608,ScienceFiction
673,Adventure
673,Fantasy
673,Family
1374,Drama
1387,Drama
1387,Music
1639,Action
1639,Adventure
1639,Thriller
1732,Action
1732,Adventure
1732,Comedy
2259,Romance
2259,Drama
2355,Drama
2460,Drama
2460,Romance
2460,ScienceFiction
2668,Drama
2668,Fantasy
2668,Thriller
2668,Mystery
3146,Action
3146,Horror
3146,ScienceFiction
3176,Drama
3176,Thriller
3176,Adventure
3179,Animation
3179,Comedy
3865,Drama
277,Fantasy
277,Action
277,Thriller
524,Drama
524,Crime
531,Animation
531,Comedy
531,Family
914,Comedy
919,Fantasy
919,Animation
919,Horror
919,Comedy
919,Thriller
919,ScienceFiction
1259,Drama
1259,Romance
1265,Adventure
1265,Drama
1265,Family
1961,Comedy
1961,Horror
2761,Thriller
3114,Western
3396,Comedy
3396,Documentary
4886,Crime
4886,Drama
4886,Mystery
4993,Action
4993,Western
4993,Thriller
594,Comedy
594,Drama
2038,Action
2038,Thriller
2861,Drama
2861,Comedy
2861,Romance
3175,Drama
3175,Romance
3175,War
2,Drama
2,Crime
5,Crime
5,Comedy
6,Action
6,Thriller
6,Crime
11,Adventure
11,Action
11,ScienceFiction
14,Drama
16,Drama
16,Crime
16,Music
19,Drama
19,ScienceFiction
21,Documentary
22,Adventure
22,Fantasy
22,Action
25,Drama
25,War
82,Action
82,Adventure
82,Crime
82,Thriller
95,Action
95,Thriller
95,ScienceFiction
95,Adventure
101,Thriller
101,Crime
101,Drama
104,Action
104,Drama
104,Thriller
107,Thriller
107,Crime
111,Action
111,Crime
111,Drama
111,Thriller
112,Comedy
112,Drama
112,Romance
123,Fantasy
123,Drama
123,Animation
123,Adventure
145,Drama
145,Romance
149,ScienceFiction
149,Animation
157,ScienceFiction
157,Action
157,Adventure
157,Thriller
160,Documentary
162,Fantasy
162,Drama
162,Romance
163,Thriller
163,Crime
164,Comedy
164,Drama
164,Romance
170,Horror
170,Thriller
170,ScienceFiction
172,ScienceFiction
172,Action
172,Adventure
172,Thriller
175,Adventure
175,Drama
175,Romance
176,Horror
176,Mystery
176,Crime
180,Action
180,Thriller
180,ScienceFiction
180,Mystery
193,ScienceFiction
193,Action
193,Adventure
193,Thriller
196,Adventure
196,Comedy
196,Family
196,ScienceFiction
198,Comedy
198,War
214,Horror
214,Thriller
214,Crime
215,Horror
216,Romance
216,Drama
231,Drama
231,Thriller
232,Action
232,Adventure
232,Crime
232,Drama
232,Romance
237,Drama
237,Thriller
237,Crime
237,Romance
252,Family
252,Fantasy
260,Action
260,Thriller
260,Mystery
288,Western
293,Drama
306,Action
306,Comedy
306,Crime
307,Drama
307,History
308,Comedy
308,Drama
308,Mystery
308,Romance
316,Comedy
316,Drama
322,Thriller
322,Crime
322,Drama
322,Mystery
329,Adventure
329,ScienceFiction
335,Western
342,Comedy
342,Drama
380,Drama
429,Western
431,Thriller
431,ScienceFiction
431,Mystery
434,Drama
434,Thriller
435,Action
435,Adventure
435,ScienceFiction
435,Thriller
440,Fantasy
440,Action
440,ScienceFiction
440,Thriller
440,Horror
441,Drama
441,Comedy
442,Comedy
442,Drama
466,Mystery
471,Drama
481,Drama
483,Comedy
483,Crime
483,Thriller
494,Adventure
494,Action
494,Thriller
494,Crime
494,Mystery
535,Drama
535,Music
535,Romance
540,Action
541,Crime
541,Drama
541,Romance
543,Drama
543,Thriller
543,Crime
549,Drama
549,History
562,Action
562,Thriller
574,Adventure
574,Crime
574,Drama
574,Mystery
574,Thriller
597,Drama
597,Romance
597,Thriller
628,Horror
628,Romance
647,Action
647,Adventure
647,Animation
647,Fantasy
648,Drama
648,Fantasy
648,Romance
663,Horror
663,Thriller
663,Crime
665,Action
665,Adventure
665,Drama
665,History
674,Adventure
674,Fantasy
674,Family
680,Thriller
680,Crime
708,Action
708,Adventure
708,Thriller
745,Mystery
745,Thriller
745,Drama
750,Drama
750,Crime
750,Mystery
750,Comedy
762,Adventure
762,Comedy
762,Fantasy
780,Drama
780,History
784,Music
784,Drama
784,Comedy
786,Drama
786,Music
788,Comedy
788,Drama
788,Family
799,Family
800,Crime
800,Drama
802,Drama
802,Romance
803,History
803,Documentary
803,War
804,Comedy
804,Romance
832,Drama
832,Action
832,Thriller
832,Crime
836,Drama
836,Foreign
836,Romance
851,Drama
851,Romance
858,Comedy
858,Drama
858,Romance
899,Drama
899,Romance
903,Crime
903,Drama
909,Comedy
909,Music
909,Romance
910,Crime
910,Drama
910,Mystery
910,Thriller
911,Comedy
912,Romance
912,Crime
912,Thriller
912,Drama
913,Drama
913,Crime
913,Romance
916,Action
916,Crime
916,Drama
916,Thriller
920,Animation
920,Adventure
920,Comedy
920,Family
922,Drama
922,Fantasy
922,Western
924,Fantasy
924,Horror
924,Action
926,Comedy
926,Family
926,ScienceFiction
931,Thriller
931,Drama
931,Horror
953,Family
953,Animation
994,Crime
994,Drama
994,Thriller
994,Mystery
1073,Drama
1073,Thriller
1073,Mystery
1088,Drama
1088,Family
1092,Thriller
1092,Mystery
1093,Drama
1093,Thriller
1093,Crime
1213,Thriller
1213,Crime
1213,Drama
1244,Music
1244,Drama
1244,Comedy
1246,Drama
1247,Drama
1247,Thriller
1247,History
1248,Crime
1248,Drama
1248,Thriller
1249,Drama
1249,Thriller
1249,Crime
1250,Thriller
1250,Action
1250,Fantasy
1250,Horror
1251,Action
1251,Adventure
1251,Drama
1251,War
1252,Drama
1252,Thriller
1252,Crime
1252,Romance
1254,Drama
1260,Adventure
1260,Animation
1260,Comedy
1260,Family
1262,Comedy
1262,Drama
1262,Fantasy
1262,Romance
1266,Action
1266,Crime
1266,Drama
1266,Thriller
1267,Animation
1267,Comedy
1267,Family
1272,ScienceFiction
1272,Thriller
1280,Drama
1280,Romance
1280,Crime
1281,Comedy
1283,Comedy
1283,Crime
1284,Comedy
1284,Crime
1361,Animation
1361,Family
1361,Fantasy
1370,Action
1370,Adventure
1370,Thriller
1370,War
1377,Comedy
1377,Drama
1377,Family
1377,Romance
1380,Drama
1391,Drama
1391,Romance
1393,Documentary
1393,Drama
1394,Drama
1394,Romance
1396,Drama
1396,History
1407,Romance
1407,Music
1407,Drama
1479,Drama
1479,Crime
1483,Fantasy
1483,Horror
1484,Drama
1485,Crime
1485,Thriller
1544,Drama
1544,Comedy
1544,Romance
1546,Comedy
1546,Drama
1552,Comedy
1552,Drama
1552,Family
1562,Horror
1562,Thriller
1562,ScienceFiction
1573,Action
1573,Thriller
1584,Comedy
1584,Music
1589,Romance
1589,Comedy
1589,Music
1597,Comedy
1597,Romance
1608,Drama
1610,Comedy
1610,Romance
1615,Comedy
1616,Comedy
1635,Action
1635,Thriller
1635,ScienceFiction
1635,Adventure
1644,Thriller
1644,Drama
1644,Mystery
1645,Crime
1645,Drama
1645,Thriller
1649,Adventure
1649,Comedy
1649,Family
1649,Fantasy
1649,ScienceFiction
1653,Drama
1673,Action
1673,Western
1676,Romance
1676,Western
1680,Action
1680,Adventure
1680,ScienceFiction
1682,Fantasy
1682,ScienceFiction
1682,Action
1682,Adventure
1689,Drama
1689,History
1694,ScienceFiction
1694,Comedy
1694,Horror
1717,Drama
1717,Thriller
1722,Drama
1722,History
1722,Romance
1729,Action
1729,Adventure
1729,Fantasy
1735,Adventure
1735,Action
1735,Fantasy
1779,Documentary
1779,History
1792,Comedy
1807,Drama
1807,Crime
1810,History
1810,Drama
1810,Western
1816,Drama
1816,Music
1831,Comedy
1834,Crime
1834,Drama
1834,Mystery
1834,Thriller
1836,Drama
1836,Horror
1845,Comedy
1845,Romance
1859,Comedy
1859,Romance
1882,Drama
1883,Drama
1883,History
1895,ScienceFiction
1895,Adventure
1895,Action
1904,Drama
1904,History
1904,Romance
1909,Romance
1909,Drama
1909,Comedy
1912,Comedy
1912,Drama
1914,Comedy
1917,Thriller
1921,Drama
1921,Romance
1945,Drama
1945,Thriller
1950,Drama
1950,Romance
1954,ScienceFiction
1954,Thriller
1955,Drama
1955,History
1956,Mystery
1956,Drama
1956,Adventure
1964,Drama
1968,Drama
1968,Comedy
1968,Romance
1994,Adventure
1994,Horror
1994,Thriller
1997,Adventure
1997,Drama
1997,Family
2000,Adventure
2000,Drama
2000,History
2003,Drama
2005,Music
2005,Comedy
2006,Fantasy
2006,Comedy
2006,Romance
2010,Drama
2011,Animation
2011,Drama
2012,Drama
2018,Comedy
2019,Action
2019,Adventure
2019,Crime
2019,Thriller
2020,Comedy
2054,Music
2054,Drama
2054,Family
2058,Comedy
2058,Romance
2064,Comedy
2064,Drama
2064,Romance
2100,Action
2100,Drama
2100,Thriller
2115,Music
2115,Drama
2124,Drama
2124,Mystery
2124,Romance
2124,Thriller
2133,Drama
2134,Thriller
2134,Adventure
2134,Fantasy
2134,ScienceFiction
2134,Romance
2140,Action
2140,Crime
2140,Thriller
2160,Adventure
2160,Drama
2160,ScienceFiction
2161,Adventure
2161,ScienceFiction
2186,Horror
2232,Drama
2232,Romance
2268,Adventure
2268,Fantasy
2269,Fantasy
2269,Horror
2282,Drama
2282,Romance
2288,Drama
2288,Romance
2289,Drama
2291,Drama
2291,Mystery
2291,Horror
2302,Drama
2313,Comedy
2313,Drama
2313,Romance
2321,Comedy
2321,Crime
2321,Romance
2324,Drama
2333,Drama
2334,Action
2334,Comedy
2357,Comedy
2357,Drama
2360,Crime
2360,Comedy
2371,Action
2371,Drama
2371,Thriller
2395,Fantasy
2395,Adventure
2395,Comedy
2395,Family
2428,Drama
2428,History
2447,Drama
2447,History
2501,Action
2501,Drama
2501,Mystery
2501,Thriller
2502,Action
2502,Drama
2502,Thriller
2528,Drama
2528,Foreign
2528,Romance
2574,Romance
2574,Drama
2575,Drama
2575,Thriller
2594,Comedy
2594,Drama
2605,Comedy
2605,Family
2605,ScienceFiction
2617,Comedy
2640,Thriller
2640,Comedy
2640,Drama
2657,Fantasy
2657,Drama
2657,Comedy
2692,Documentary
2699,Action
2699,Drama
2699,Romance
2701,Drama
2722,Romance
2722,Drama
2759,Drama
2759,Comedy
2769,Drama
2769,Comedy
2769,Music
2769,Romance
2770,Comedy
2770,Romance
2791,Action
2791,Animation
2791,ScienceFiction
2791,Thriller
2912,Drama
2912,Foreign
2912,Thriller
2925,Comedy
2973,ScienceFiction
2973,Adventure
2973,Drama
2973,Fantasy
2976,Family
2976,Comedy
2976,Music
2976,Romance
2990,Crime
2990,Thriller
2993,Mystery
2993,Thriller
3004,Comedy
3007,Drama
3007,Comedy
3007,ScienceFiction
3007,Romance
3010,Drama
3010,History
3010,War
3030,Fantasy
3030,Thriller
3030,ScienceFiction
3033,Drama
3052,Comedy
3060,Drama
3060,Romance
3060,War
3077,Horror
3077,ScienceFiction
3081,Drama
3082,Drama
3082,Comedy
3083,Comedy
3083,Drama
3089,Western
3101,Action
3101,Comedy
3101,Crime
3104,Horror
3104,ScienceFiction
3107,Action
3107,ScienceFiction
3107,Thriller
3107,Horror
3134,Crime
3134,Drama
3134,Romance
3134,Thriller
3160,Horror
3160,ScienceFiction
3168,Drama
3210,Horror
3210,ScienceFiction
3418,Drama
3418,ScienceFiction
3476,Drama
3476,Romance
3484,Adventure
3484,Fantasy
3484,Horror
3489,Crime
3489,Mystery
3489,Thriller
3512,Action
3512,Thriller
3527,Drama
3527,Music
3536,Action
3536,Drama
3536,Thriller
3536,War
3543,Comedy
3543,Drama
3556,Crime
3556,Drama
3577,Drama
3577,Thriller
3578,ScienceFiction
3598,Adventure
3598,Fantasy
3598,Drama
3598,Mystery
3635,Drama
3635,Romance
3638,Comedy
3683,War
3683,Drama
3683,History
3763,Horror
3786,ScienceFiction
3786,TVMovie
3981,Comedy
3981,Romance
3989,Music
3989,Adventure
3989,Animation
3989,Action
3989,Comedy
4011,Fantasy
4011,Comedy
4025,Drama
4025,Mystery
4025,Crime
4034,Action
4034,Adventure
4034,Comedy
4148,Drama
4148,Romance
4226,Comedy
4232,Crime
4232,Horror
4232,Mystery
4235,Crime
4247,Comedy
4271,Comedy
4344,Comedy
4344,Drama
4344,Family
4344,Foreign
4344,Horror
4351,Crime
4351,Drama
4351,Mystery
4369,Drama
4369,Romance
4380,Drama
4380,Romance
4380,Comedy
4546,Action
4546,Adventure
4546,Drama
4546,History
4546,TVMovie
4638,Crime
4638,Action
4638,Comedy
4639,Action
4639,Crime
4639,Drama
4639,Thriller
4641,Comedy
4641,Drama
4641,Family
4641,TVMovie
4643,Action
4643,Adventure
4643,Drama
4658,Documentary
4658,Family
4701,Drama
4701,History
4701,Romance
4723,Comedy
4723,ScienceFiction
4723,Thriller
4727,Comedy
4728,Comedy
4734,Drama
4816,Crime
4816,Drama
4823,Drama
4823,Thriller
4823,Romance
4896,Comedy
4896,Drama
4958,Fantasy
4958,Drama
4973,Drama
4973,Mystery
4974,Drama
4974,Romance
4975,TVMovie
4975,Drama
4979,Drama
4992,Action
4992,Thriller
4995,Drama
5000,Drama
5000,History
5060,Comedy
5066,Comedy
5071,Drama
5071,Music
5071,Romance
5279,Drama
5279,Mystery
5279,Thriller
5319,Drama
5319,Romance
5458,Drama
5458,Romance
5458,Thriller
5481,Horror
5481,Thriller
5528,Drama
5618,Romance
5618,Comedy
5620,Horror
5816,Comedy
5902,Drama
5902,History
5902,War
5956,Drama
5956,Thriller
5956,Horror
5968,Comedy
5968,Romance
5991,Drama
5995,Comedy
5995,Drama
6003,Drama
6003,Romance
6016,Crime
6016,Drama
6016,Thriller
6037,Comedy
6037,Crime
6037,Mystery
6037,Thriller
6283,Comedy
6283,Family
6373,Comedy
6373,Romance
6440,Drama
6440,Romance
6537,Horror
6537,Drama
6537,Thriller
6547,History
6547,Comedy
6552,Thriller
6552,Comedy
6552,Horror
6593,Action
6593,Drama
6593,Fantasy
6593,Foreign
6593,ScienceFiction
6620,Comedy
6620,Drama
6620,Romance
6641,Comedy
6641,Romance
6934,Drama
6936,Drama
6947,Drama
6947,Mystery
6947,Thriller
6957,Comedy
6957,Romance
6961,Comedy
6961,Romance
6978,Action
6978,Adventure
6978,Comedy
6978,Fantasy
7008,Action
7008,Adventure
7008,Drama
7008,Thriller
7010,Action
7010,Thriller
7010,War
7090,Drama
7346,Thriller
7348,Drama
7348,ScienceFiction
7445,Drama
7445,Thriller
7445,War
7451,Action
7451,Adventure
7451,Thriller
7484,Adventure
7484,Animation
7484,Family
8011,Action
8011,Fantasy
8011,ScienceFiction
8366,Comedy
8366,Western
8368,Drama
8464,Horror
8464,Comedy
8464,ScienceFiction
8645,Thriller
8645,ScienceFiction
8665,Drama
8665,History
8665,Thriller
8874,Comedy
8874,Romance
8914,Action
8914,ScienceFiction
8914,Thriller
8930,Documentary
8948,Drama
8961,Adventure
8961,Action
8961,Comedy
8961,Thriller
8961,Crime
8970,Comedy
8974,Horror
8974,ScienceFiction
8974,Thriller
8984,Drama
8984,Thriller
8984,Crime
8984,Mystery
8984,Romance
26131,TVMovie
26131,Drama
26131,Romance
26131,Western
26152,Comedy
26587,Horror
26587,Drama
26587,Thriller
26810,Drama
30707,Drama
30810,Crime
30810,Drama
31685,Romance
31685,Drama
31685,Horror
31696,Mystery
31696,Thriller
31696,Crime
33166,Drama
34334,Drama
34334,Romance
35957,Thriller
35957,Drama
36529,Horror
36529,ScienceFiction
40815,Drama
40815,Adventure
42718,Drama
42718,Romance
44004,Action
44004,Comedy
44004,Drama
44555,Comedy
44555,Drama
44555,Thriller
45186,Action
45186,Comedy
45186,Crime
45186,Drama
45722,Drama
45722,Romance
46578,Comedy
46578,Crime
46972,Comedy
46972,Drama
46972,Family
46976,Comedy
46976,Drama
46976,Foreign
46976,Romance
47610,Crime
47610,Drama
48385,Crime
48385,Horror
48385,ScienceFiction
48780,Foreign
51540,Comedy
51540,Crime
54001,Drama
54272,Adventure
54272,Action
54272,Drama
54503,Action
54503,Foreign
55765,Action
55765,Adventure
55765,Crime
55765,Drama
55765,Foreign
59126,Documentary
59126,Music
63859,Comedy
63859,Family
63859,Fantasy
63859,Music
65642,Comedy
65642,Drama
67087,Crime
67087,Horror
67087,Thriller
68954,TVMovie
68954,Drama
68954,History
69526,Thriller
69526,Crime
69526,Comedy
69526,Action
69526,Adventure
70862,Documentary
70862,History
71282,Adventure
71282,Action
71282,Romance
74458,Drama
74458,Comedy
74458,Romance
77561,ScienceFiction
81229,Comedy
81847,Action
81847,War
81847,Drama
83613,Comedy
83613,Horror
83827,Crime
83827,Drama
84152,Horror
84152,Thriller
84152,ScienceFiction
84152,Action
84152,Fantasy
84954,Thriller
84954,Drama
85414,Action
85414,Thriller
86190,Comedy
86332,Horror
88744,Documentary
88744,Foreign
88950,Action
88950,Thriller
89492,Comedy
90603,Documentary
93840,Thriller
93840,Action
94478,Comedy
94478,Music
94478,Romance
94478,Foreign
94959,Drama
98122,Action
98122,Drama
98122,Horror
100032,Drama
100032,Action
101362,Comedy
101362,Adventure
101362,Crime
104211,Romance
104211,Fantasy
104241,Drama
104241,Foreign
107406,Drama
110553,Comedy
111443,Drama
111443,Thriller
111759,Western
111759,Adventure
111759,Romance
122924,Action
122924,Thriller
130452,Comedy
130452,Music
130452,Romance
140174,Action
140174,Horror
140174,Thriller
142507,Drama
337,Drama
4772,Thriller
4772,Comedy
4772,Drama
194,Comedy
194,Romance
348,Horror
348,Action
348,Thriller
348,ScienceFiction
482,Adventure
482,Action
482,Thriller
482,Crime
492,Fantasy
492,Drama
492,Comedy
714,Adventure
714,Action
714,Thriller
928,Comedy
928,Horror
928,Fantasy
942,Action
942,Adventure
942,Comedy
942,Crime
942,Thriller
965,Romance
965,Drama
1245,Drama
1245,Romance
1255,Horror
1255,Drama
1255,ScienceFiction
1411,Mystery
1411,Drama
1627,Drama
1809,Comedy
1809,Drama
1809,Romance
2021,Comedy
2021,Drama
2021,Romance
2023,Western
2023,Adventure
2067,ScienceFiction
2110,Drama
2110,Action
2110,Comedy
2117,Drama
2117,History
2118,Crime
2118,Drama
2118,Mystery
2118,Thriller
2204,Drama
2892,Drama
4437,Thriller
4437,ScienceFiction
4552,Drama
4552,Horror
4552,Mystery
5062,Crime
5062,Drama
5062,Mystery
5062,Thriller
5072,Horror
5072,Comedy
5072,Thriller
5137,Mystery
5137,Action
5137,Thriller
5137,ScienceFiction
5137,Adventure
5608,Drama
5608,Adventure
5608,Fantasy
5686,Comedy
5686,Drama
5686,Romance
5881,Comedy
6538,Comedy
6538,Drama
6538,History
6643,Romance
6643,Western
6643,Drama
8195,Action
8195,Thriller
8195,Crime
8195,Adventure
8690,Adventure
8690,Horror
8973,Mystery
8973,Horror
8973,Thriller
8983,Animation
8983,Mystery
8983,Thriller
27317,Comedy
27721,Drama
27834,Comedy
27834,Drama
27834,ScienceFiction
31410,Comedy
31952,Horror
18,Adventure
18,Fantasy
18,Action
18,Thriller
18,ScienceFiction
74,Adventure
74,Thriller
74,ScienceFiction
76,Drama
76,Romance
79,Drama
79,Adventure
79,Action
79,History
81,Adventure
81,Animation
81,Fantasy
85,Adventure
85,Action
86,Drama
86,Romance
92,Documentary
100,Comedy
100,Crime
140,Crime
140,Drama
140,Romance
140,Thriller
141,Fantasy
141,Drama
141,Mystery
640,Drama
640,Crime
653,Fantasy
653,Horror
707,Adventure
707,Action
707,Thriller
765,Horror
765,Comedy
765,Fantasy
805,Horror
805,Drama
805,Mystery
818,Comedy
818,Crime
818,ScienceFiction
849,Fantasy
849,Action
849,Adventure
880,Drama
880,Comedy
3,Drama
3,Comedy
35,Animation
35,Comedy
35,Family
58,Adventure
58,Fantasy
58,Action
63,ScienceFiction
63,Thriller
63,Mystery
64,Drama
64,Romance
89,Adventure
89,Action
97,ScienceFiction
97,Action
97,Adventure
105,Adventure
105,Comedy
105,ScienceFiction
105,Family
122,Adventure
122,Fantasy
122,Action
154,Action
154,Adventure
154,ScienceFiction
154,Thriller
159,Comedy
159,Drama
166,Drama
166,Romance
166,Comedy
177,Comedy
177,Drama
179,Crime
179,Thriller
206,Drama
229,Horror
229,ScienceFiction
249,Comedy
249,Drama
249,Thriller
262,Comedy
262,Drama
269,Drama
269,Crime
276,Drama
276,Comedy
281,Crime
281,Drama
281,ScienceFiction
281,Thriller
326,Action
326,Crime
326,Horror
326,Thriller
332,Action
332,Adventure
332,Comedy
332,Family
333,Comedy
333,Drama
333,Music
333,Romance
334,Drama
340,Comedy
340,Drama
346,Action
346,Drama
379,Drama
379,Thriller
379,Crime
383,Drama
407,Drama
407,Thriller
423,Drama
423,War
428,Drama
428,Romance
445,Mystery
445,Drama
445,Thriller
451,Drama
451,Romance
464,Romance
464,Drama
464,Comedy
464,Music
465,Romance
465,Drama
475,Crime
475,Drama
479,Action
479,Adventure
479,Crime
479,Thriller
493,Action
493,Adventure
493,Crime
493,Mystery
501,Documentary
504,Crime
504,Drama
507,Action
507,Crime
507,Drama
507,Thriller
513,Drama
513,Romance
522,Comedy
522,Drama
522,History
534,Action
534,ScienceFiction
534,Thriller
547,Drama
547,Romance
580,Adventure
580,Thriller
596,Drama
599,Drama
612,Drama
612,Action
612,History
612,Thriller
662,Romance
662,ScienceFiction
703,Comedy
703,Drama
703,Romance
891,Drama
891,History
891,Mystery
891,Thriller
898,Drama
902,Fantasy
902,ScienceFiction
902,Adventure
917,Drama
929,ScienceFiction
929,Action
929,Thriller
940,Mystery
940,Thriller
950,Animation
950,Family
950,Comedy
950,Adventure
951,Comedy
954,Adventure
954,Action
954,Thriller
955,Adventure
955,Action
955,Thriller
966,Western
968,Crime
968,Drama
968,Thriller
982,Mystery
982,Thriller
1023,Drama
1023,Comedy
1023,Crime
1090,Thriller
1090,ScienceFiction
1090,Mystery
1091,Horror
1091,Mystery
1091,ScienceFiction
1103,ScienceFiction
1103,Action
1124,Drama
1124,Mystery
1124,Thriller
1126,Drama
1126,Thriller
1253,Drama
1253,Romance
1257,Comedy
1268,Family
1268,Comedy
1269,Comedy
1269,Crime
1278,Drama
1278,Romance
1282,Documentary
1285,Comedy
1285,Crime
1372,Drama
1372,Thriller
1372,Action
1373,Drama
1373,Fantasy
1375,Drama
1376,Crime
1376,Drama
1381,Drama
1381,Adventure
1381,ScienceFiction
1381,Romance
1382,Comedy
1382,Drama
1389,Romance
1389,Comedy
1389,Crime
1441,Drama
1441,Action
1441,Thriller
1441,Crime
4970,Horror
4970,Thriller
207,Drama
671,Adventure
671,Fantasy
671,Family
905,Drama
905,Thriller
905,Romance
1907,Drama
1907,Adventure
1907,Romance
1907,Thriller
2013,Drama
2690,Comedy
2690,Romance
5747,Comedy
5747,Drama
26111,Family
31116,Thriller
31116,Fantasy
31116,ScienceFiction
31116,Horror
31116,Drama
47721,Drama
393,Action
393,Crime
393,Thriller
553,Crime
553,Drama
553,Thriller
918,Comedy
918,Romance
921,Romance
921,Drama
921,History
948,Horror
948,Thriller
1125,Drama
1427,Crime
1427,Fantasy
1427,Drama
158,Comedy
158,Crime
173,Adventure
173,Drama
173,ScienceFiction
315,Action
315,Crime
1641,Romance
1641,Comedy
2459,Comedy
2616,Comedy
2616,Drama
2616,Family
4105,Action
4105,Thriller
4105,Crime
7454,Action
7454,History
7454,Horror
30793,Horror
30793,ScienceFiction
31184,Action
31184,Adventure
31184,Comedy
31184,Foreign
20,Drama
20,Romance
24,Action
24,Crime
224,Drama
224,History
236,Drama
236,Comedy
236,Romance
425,Animation
425,Comedy
425,Family
425,Adventure
532,Family
532,Animation
532,Comedy
605,Adventure
605,Action
605,Thriller
605,ScienceFiction
668,Adventure
668,Action
668,Thriller
670,Drama
670,Thriller
670,Mystery
670,Action
841,Action
841,ScienceFiction
841,Adventure
900,Comedy
900,Romance
949,Action
949,Crime
949,Drama
949,Thriller
1277,Romance
1277,Drama
1835,Crime
1835,Mystery
1835,Thriller
1873,Drama
1873,Thriller
1900,Thriller
1900,Drama
1900,Crime
1927,Drama
1927,Action
1927,ScienceFiction
1931,Drama
1931,Music
1941,Action
1941,Drama
1941,History
1941,War
1944,Drama
1946,Action
1946,Thriller
1946,ScienceFiction
1946,Horror
1947,Drama
1949,Crime
1949,Drama
1949,Mystery
1949,Thriller
1951,Drama
1957,Drama
1957,Thriller
1958,Comedy
1958,Thriller
1958,Music
1958,Crime
1958,Mystery
1959,Drama
1959,Romance
2002,Drama
2002,Romance
2022,Comedy
2022,Romance
2132,Comedy
2143,War
2143,Drama
2143,Romance
2176,Drama
2176,Thriller
2721,Drama
2721,History
2721,Thriller
2728,Action
2728,Comedy
2731,Drama
2731,Romance
3053,Comedy
3053,Horror
3088,Drama
3088,Western
3159,Horror
3405,Comedy
3405,Drama
3405,Romance
3681,Comedy
3681,Romance
4267,Romance
4267,Comedy
4267,Drama
4564,Comedy
4564,Drama
4564,Romance
4857,Crime
4857,Action
4857,Adventure
4967,Comedy
4978,Drama
4978,Family
4978,Animation
4978,Adventure
5147,Adventure
5147,Fantasy
5177,Comedy
5177,Drama
5470,Action
5470,ScienceFiction
5470,Thriller
5470,Adventure
5470,Horror
5470,Fantasy
5971,Comedy
5971,Crime
5971,Drama
6404,Drama
6404,Horror
6415,Action
6415,Adventure
6415,Comedy
6591,Mystery
6591,Thriller
7088,Comedy
7088,Drama
7088,Romance
7234,Action
7234,Adventure
7234,Fantasy
7347,Drama
7347,Action
7347,Crime
7942,Comedy
7942,Romance
8338,Drama
8338,Mystery
8338,ScienceFiction
8338,Thriller
8656,Action
8656,Drama
8656,Romance
8873,Music
8873,Comedy
8966,Adventure
8966,Fantasy
8966,Drama
8966,Romance
25753,Horror
25769,Action
25769,Drama
25769,Horror
25769,ScienceFiction
25769,Thriller
26242,Drama
31658,Action
31658,Drama
31658,Western
34326,Action
34326,Drama
34326,Crime
37736,Drama
37736,Foreign
39183,Documentary
39231,Comedy
39231,Romance
40629,Drama
40629,Comedy
40629,Music
40629,Romance
40629,Foreign
40819,Documentary
40819,Comedy
41569,Documentary
41569,Foreign
41571,ScienceFiction
41571,Drama
41863,Drama
42418,Adventure
42418,Drama
42418,Family
42734,Comedy
78,ScienceFiction
78,Drama
78,Thriller
842,Drama
842,History
842,Thriller
69,Drama
69,Music
69,Romance
1687,Action
1687,ScienceFiction
27376,Comedy
37731,Comedy
37731,Crime
49530,Action
49530,Thriller
49530,ScienceFiction
53129,Mystery
53129,Adventure
53129,Action
53129,Drama
53129,History
55167,Drama
59387,Animation
59387,Action
59387,Family
73,Drama
1892,Adventure
1892,Action
1892,ScienceFiction
1366,Drama
2109,Action
2109,Comedy
2109,Crime
2109,Thriller
2202,Adventure
2202,Drama
2202,Family
2300,Animation
2300,Comedy
2300,Drama
2300,Family
2300,Fantasy
2470,Comedy
2470,Drama
2470,Romance
2662,Horror
5065,Comedy
5065,Western
118,Adventure
118,Comedy
118,Family
118,Fantasy
203,Drama
203,Crime
227,Crime
227,Drama
228,Drama
254,Adventure
254,Drama
254,Action
424,Drama
424,History
424,War
426,Mystery
426,Romance
426,Thriller
459,Romance
459,Drama
523,Drama
523,Horror
581,Adventure
581,Drama
581,Western
767,Adventure
767,Fantasy
767,Family
782,Thriller
782,ScienceFiction
782,Mystery
782,Romance
806,Drama
806,Horror
806,Thriller
869,Thriller
869,ScienceFiction
869,Action
869,Adventure
947,Adventure
947,Drama
947,History
947,War
996,Drama
996,Mystery
996,Thriller
1018,Thriller
1018,Drama
1018,Mystery
1114,Documentary
1114,Drama
1422,Drama
1422,Thriller
1422,Crime
1440,Romance
1440,Drama
1488,Drama
1488,Comedy
1523,Drama
1566,Drama
1566,History
1566,War
1588,Comedy
1598,Crime
1598,Thriller
1620,Action
1620,Crime
1620,Drama
1620,Thriller
1624,Comedy
1672,Action
1672,Adventure
1672,Thriller
1701,Action
1701,Thriller
1701,Crime
1726,Action
1726,ScienceFiction
1726,Adventure
1783,Action
1783,Comedy
1783,Drama
1783,History
1785,Comedy
1785,Romance
1791,Drama
1791,Romance
1965,Crime
1965,Thriller
1965,Drama
2001,Drama
2001,Crime
2001,Thriller
2009,Drama
2024,Drama
2024,History
2024,War
2024,Action
2078,Comedy
2082,Horror
2088,Action
2088,Crime
2088,Drama
2088,Thriller
2094,Drama
2094,Music
2094,Romance
2112,Drama
2112,Action
2112,Thriller
2112,Crime
2114,Adventure
2114,Action
2114,Animation
2114,Fantasy
2114,ScienceFiction
2114,Thriller
2116,Thriller
2116,Crime
2116,Drama
2122,Comedy
2122,Thriller
2122,Crime
2144,Action
2144,Comedy
2144,Crime
2148,Music
2148,Drama
2148,Crime
2148,Romance
2166,Comedy
2166,Crime
2166,Romance
2252,Thriller
2252,Crime
2252,Mystery
2253,Drama
2253,Thriller
2253,History
2253,War
2255,Comedy
2255,Drama
2255,Romance
2263,Crime
2263,Drama
2263,Romance
2263,Thriller
2264,Romance
2264,Drama
2267,Adventure
2267,Family
2286,Adventure
2286,Fantasy
2286,History
2307,Comedy
2307,Drama
2307,Romance
2320,Action
2320,Adventure
2320,Drama
2320,Thriller
2433,Music
2433,Romance
2433,Drama
2433,Comedy
2454,Adventure
2454,Family
2454,Fantasy
2457,Drama
2457,Romance
2463,Drama
2463,Action
2463,Thriller
2463,Crime
2517,Drama
2577,Drama
2577,Romance
2577,ScienceFiction
2577,Thriller
2611,Comedy
2611,Romance
2639,Comedy
2639,Drama
2642,Comedy
2642,Romance
2687,Comedy
2687,Fantasy
2687,ScienceFiction
2749,Action
2749,Crime
2749,Thriller
2750,Comedy
2750,Drama
2757,Comedy
2757,Crime
2757,Drama
2787,Thriller
2787,ScienceFiction
2787,Action
2966,Adventure
2966,Fantasy
2966,Action
2966,ScienceFiction
2977,Drama
2977,Romance
2989,Adventure
2989,Thriller
3035,Drama
3035,Horror
3035,ScienceFiction
3063,Comedy
3072,Drama
3072,Horror
3072,ScienceFiction
3074,Fantasy
3074,Horror
3074,ScienceFiction
3087,Drama
3087,Music
3102,Drama
3111,Drama
3111,Music
3111,Romance
3144,Comedy
3144,Horror
3478,Drama
3478,History
3483,Adventure
3483,Crime
3483,Horror
3483,ScienceFiction
3483,Thriller
3513,Adventure
3513,Drama
3513,Action
3513,History
3513,Thriller
3526,Drama
3529,Comedy
3529,Crime
3529,Mystery
3537,Drama
3549,Drama
3686,Western
3701,Action
3701,Crime
3701,Foreign
3701,Thriller
4012,Drama
4111,Comedy
4111,Drama
4146,Comedy
4146,Drama
4228,Drama
4228,War
4228,History
4228,Thriller
4326,Comedy
4326,Drama
4464,Drama
4464,History
4474,Fantasy
4474,Drama
4474,Action
4474,Comedy
4474,Crime
4474,ScienceFiction
4482,Comedy
4482,Romance
4486,Drama
4488,Horror
4495,Drama
4495,Fantasy
4498,Comedy
4498,Drama
4499,Comedy
4627,Action
4627,Fantasy
4627,Horror
4628,Adventure
4628,Drama
4628,Action
4628,Thriller
4628,Foreign
4629,Drama
4629,Romance
4709,Comedy
4710,Drama
4710,Romance
4787,Crime
4787,Drama
4787,Thriller
4832,Documentary
4889,Thriller
4929,Western
4932,Comedy
4932,Romance
4951,Comedy
4951,Romance
4951,Drama
4954,Action
4954,Adventure
4954,Thriller
4960,Drama
5061,Comedy
5064,Comedy
5122,Drama
5122,Thriller
5125,Drama
5125,Thriller
5172,Adventure
5172,Comedy
5172,Drama
5172,ScienceFiction
5187,Comedy
5187,Drama
5187,Romance
5237,Horror
5237,Mystery
5237,Thriller
5247,Drama
5247,Mystery
5247,Thriller
5334,Drama
5334,Action
5335,Mystery
5335,Drama
5471,Action
5471,Adventure
5471,Drama
5471,Fantasy
5506,Comedy
5506,Crime
5544,Drama
5544,History
5544,Romance
5548,Action
5548,Thriller
5548,ScienceFiction
5680,Fantasy
5680,Horror
5680,Comedy
5680,ScienceFiction
5689,Romance
5689,Adventure
5689,Drama
5707,Documentary
5707,Action
5707,War
5707,History
5723,Drama
5723,Music
5723,Romance
5729,Romance
5729,Comedy
5729,Drama
5742,Action
5742,Comedy
5846,Action
5846,Foreign
5846,Horror
5846,Thriller
5854,Comedy
5854,Crime
5854,Thriller
5857,Crime
5857,Horror
5857,Mystery
5857,Thriller
5900,Comedy
5900,Drama
5923,Action
5923,Adventure
5923,Drama
5923,War
5923,Romance
5927,Action
5927,Drama
5927,Western
5961,Fantasy
5961,Drama
5961,Mystery
6103,Crime
6103,Mystery
6318,Comedy
6436,Drama
6436,ScienceFiction
6436,Thriller
6473,Action
6473,Adventure
6473,Thriller
88,Drama
88,Music
88,Romance
135,Documentary
135,Music
26701,Drama
26701,Music
28,Drama
28,War
117,Crime
117,Drama
117,History
117,Thriller
147,Drama
280,Action
280,Thriller
280,ScienceFiction
303,Thriller
303,Drama
303,Romance
506,Crime
506,Drama
506,Mystery
506,Thriller
766,Fantasy
766,Horror
766,Comedy
927,Fantasy
927,Horror
927,Comedy
1273,Adventure
1273,Animation
1273,Comedy
1273,Family
1279,Drama
1420,Drama
1420,Comedy
1535,Action
1535,Crime
1535,Thriller
1554,Crime
1554,Drama
1554,Comedy
1594,Comedy
1594,Crime
1648,Adventure
1648,Comedy
1648,ScienceFiction
1734,Adventure
1734,Action
1734,Fantasy
1788,Drama
1788,Family
1788,Music
1788,Romance
1841,Mystery
1841,Thriller
1841,Crime
1888,Romance
1888,Comedy
1924,Action
1924,Adventure
1924,Fantasy
1924,ScienceFiction
1939,Drama
1939,Mystery
1966,War
1966,History
1966,Action
1966,Adventure
1966,Drama
1966,Romance
1969,Action
1969,Comedy
1969,Western
1969,Crime
1987,Horror
1987,Crime
1987,Drama
1999,Drama
1999,Thriller
2014,Drama
2043,Crime
2043,Mystery
2043,Thriller
2043,Action
2069,Comedy
2069,Crime
2075,Romance
2075,Comedy
2075,Crime
2075,Drama
2080,Adventure
2080,Action
2080,Thriller
2080,ScienceFiction
2085,Action
2085,Crime
2085,Thriller
2087,Drama
2087,Action
2087,Thriller
2097,Horror
2097,ScienceFiction
2099,Action
2099,Crime
2099,Thriller
2107,Comedy
2107,Drama
2107,Fantasy
2107,Romance
2135,ScienceFiction
2135,Adventure
2135,Action
2163,Drama
2163,Action
2163,Thriller
2290,Comedy
2290,Drama
2290,History
2312,Adventure
2312,Fantasy
2312,Action
2312,Drama
2362,Action
2362,Adventure
2362,Drama
2362,Horror
2362,ScienceFiction
2362,Thriller
2362,Western
2397,Action
2397,ScienceFiction
2453,Action
2453,Thriller
2527,Drama
2527,Thriller
2734,Drama
2734,History
2779,Comedy
2779,Crime
2779,Mystery
2779,Romance
2779,Thriller
3011,Comedy
3022,Drama
3022,Horror
3022,ScienceFiction
3037,Drama
3037,Romance
3061,Drama
3062,Music
3062,Comedy
3062,Romance
3093,Crime
3093,Mystery
3093,Thriller
3145,Horror
3145,ScienceFiction
3469,Drama
3469,Romance
3479,Thriller
3479,Crime
3511,Thriller
3511,Drama
3511,Horror
3547,Thriller
3547,Romance
3547,Drama
3565,Drama
3591,Action
3591,Adventure
3591,Fantasy
3698,Western
71,Drama
71,Comedy
71,Music
1599,Comedy
1599,Romance
4475,Comedy
4475,Drama
4475,Romance
8093,Drama
8371,Drama
42738,Action
42738,Adventure
42738,Drama
42738,Thriller
80219,Drama
80219,TVMovie
84844,Thriller
84844,Drama
290,Comedy
290,Drama
381,Crime
381,Drama
381,Mystery
381,Romance
381,Thriller
427,Comedy
458,Drama
458,Comedy
458,Romance
688,Drama
688,Romance
1367,Drama
1392,Documentary
1480,Drama
1480,Thriller
1480,Crime
1586,Thriller
1586,Mystery
1727,Action
1727,Adventure
1727,Comedy
1727,Romance
1846,Crime
1846,Mystery
1846,Drama
1913,Drama
3127,Horror
3127,ScienceFiction
3682,Music
3682,Drama
3980,Action
3980,Comedy
3980,Horror
3980,ScienceFiction
3980,Thriller
4203,Comedy
4203,Drama
4234,Horror
4234,Mystery
4251,Drama
4251,Romance
4479,Drama
4479,History
4479,Romance
4558,Drama
4558,Fantasy
4558,Romance
4837,Drama
4837,Comedy
4837,Romance
5302,Comedy
5693,Drama
5693,Family
837,Horror
837,Mystery
837,ScienceFiction
1992,Horror
1992,Action
1992,Thriller
5422,Horror
39408,Horror
39408,ScienceFiction
43919,Horror
43919,Comedy
43919,Thriller
45431,Horror
45431,Thriller
54281,Adventure
54281,Action
54281,Drama
132,Documentary
132,Music
204,Drama
204,Thriller
204,Adventure
256,Drama
257,Crime
257,Drama
257,Family
327,Crime
327,Drama
327,Thriller
378,Comedy
378,Crime
415,Action
415,Crime
415,Fantasy
489,Drama
542,Drama
542,Romance
548,Crime
548,Drama
548,Mystery
761,Comedy
783,Drama
783,History
839,TVMovie
839,Action
839,Thriller
932,Drama
1541,Drama
1541,Thriller
1541,Crime
1541,Adventure
1593,Action
1593,Adventure
1593,Comedy
1593,Family
1593,Fantasy
1688,Action
1688,ScienceFiction
1863,Drama
1863,War
1967,Drama
1967,Romance
2046,Horror
2046,Drama
2046,Thriller
2046,Mystery
2059,Adventure
2059,Action
2059,Thriller
2059,Mystery
2125,Action
2125,ScienceFiction
2125,Thriller
2153,Action
2153,Crime
2153,Drama
2153,Thriller
2330,Action
2330,Comedy
2330,Crime
5055,War
5055,Drama
5255,Adventure
5255,Animation
5255,Family
5255,Fantasy
6183,Romance
6183,Comedy
6183,Drama
6974,Adventure
6974,ScienceFiction
65,Drama
637,Comedy
637,Drama
711,Drama
43396,Drama
43396,Thriller
43396,Crime
1683,Thriller
1683,Horror
2034,Action
2034,Crime
2034,Drama
2034,Thriller
2139,Action
2139,Adventure
2139,Drama
2349,Drama
2613,Drama
2613,Comedy
2613,Romance
3178,Drama
26,Drama
678,Drama
678,Mystery
678,Thriller
870,Drama
870,Romance
881,Drama
943,Adventure
943,Action
943,Comedy
943,Thriller
943,Crime
1049,Drama
1049,Thriller
1049,Mystery
1049,Romance
1379,Crime
1379,Drama
1429,Crime
1429,Drama
1587,Romance
1587,Drama
1591,Drama
1613,Thriller
1613,Action
1613,Comedy
1613,Crime
1619,Action
1619,Crime
1619,Drama
1619,Thriller
1646,Crime
1646,Drama
1678,Thriller
1678,Horror
1678,ScienceFiction
1702,Action
1702,Horror
1702,ScienceFiction
1702,Thriller
1713,Drama
1713,Romance
1772,Drama
1824,Comedy
1824,Romance
1833,Drama
1833,Romance
1848,Mystery
1848,Crime
1852,Drama
1852,History
1852,Thriller
1885,Drama
1894,Adventure
1894,Action
1894,ScienceFiction
1911,Adventure
1911,Fantasy
1911,Action
1920,Crime
1920,Drama
1920,Thriller
1948,Action
1948,Thriller
1948,Crime
2071,Mystery
2071,Thriller
2104,Action
2104,Horror
2104,Thriller
2111,Drama
2111,Foreign
2155,Thriller
2297,Comedy
2297,Drama
2297,Mystery
2359,Documentary
2440,War
2440,Drama
2440,Thriller
2469,Comedy
2469,Crime
2469,Drama
2469,Romance
2587,War
2587,Drama
2587,History
3397,Drama
3563,Comedy
3563,Romance
3699,Mystery
3699,Crime
3699,Horror
4195,Drama
4195,Crime
171,Comedy
613,Drama
613,History
613,War
1976,Drama
1976,Romance
3016,Drama
3016,Horror
3016,ScienceFiction
546,Drama
8981,Drama
8981,Family
66659,Action
66659,Adventure
66659,ScienceFiction
421,Adventure
421,Comedy
421,Drama
455,Comedy
455,Drama
455,Romance
93,Crime
93,Drama
93,Mystery
93,Thriller
217,Adventure
217,Action
239,Comedy
239,Romance
258,Comedy
258,Drama
258,Romance
313,Romance
313,Drama
558,Action
558,Adventure
558,Fantasy
1487,Fantasy
1487,Action
1487,ScienceFiction
1667,Documentary
1667,Family
2017,Action
2017,Crime
2017,Drama
2017,Mystery
2017,Thriller
2142,Action
2142,Crime
2142,Drama
2162,Action
2162,Comedy
2162,Thriller
2620,Action
2620,Comedy
2620,Crime
2978,Comedy
2978,Fantasy
3554,Drama
3554,Romance
3594,Thriller
3594,Drama
3594,Mystery
4977,Animation
4977,Drama
4977,Mystery
4977,ScienceFiction
4977,Thriller
5677,Horror
5677,ScienceFiction
5677,Crime
3593,Adventure
3593,Horror
3593,ScienceFiction
2151,Comedy
2151,Horror
2151,ScienceFiction
2788,Drama
3034,Comedy
3034,ScienceFiction
8879,Romance
8879,Western
41566,Documentary
41566,Music
4031,Drama
4031,Comedy
4964,Comedy
4964,Romance
4964,Drama
8012,Comedy
8012,Thriller
8012,Crime
8014,Adventure
8014,Drama
8014,Romance
27255,Drama
27255,Thriller
27255,Horror
39768,Mystery
39768,Comedy
44694,Documentary
44694,Drama
44694,Music
44694,Romance
52885,Drama
52885,War
52885,Foreign
57243,Comedy
43376,Drama
47423,Action
47423,Comedy
47423,Thriller
47423,Crime
59995,Drama
59995,Romance
63876,Drama
63876,Comedy
63876,History
63876,Romance
65188,Documentary
73290,Horror
73290,Thriller
96821,Drama
96821,Documentary
103048,Foreign
104374,Drama
2072,Action
2072,ScienceFiction
2072,Thriller
8810,Adventure
8810,Action
8810,Thriller
8810,ScienceFiction
40732,Adventure
40732,Drama
53000,Action
53000,Mystery
53000,Thriller
53953,Horror
27,Drama
27,Music
27,Romance
102,Drama
102,Romance
121,Adventure
121,Fantasy
121,Action
747,Horror
747,Comedy
754,Action
754,Crime
754,ScienceFiction
754,Thriller
6535,Drama
986,Comedy
986,Drama
986,History
1537,Action
1537,Adventure
1537,Crime
1537,Thriller
89904,Action
89904,ScienceFiction
4290,Horror
2565,Fantasy
2565,Comedy
2565,ScienceFiction
2565,Romance
1984,Drama
1984,ScienceFiction
2262,Crime
2262,Drama
39414,Comedy
39414,Drama
934,Drama
934,Action
934,Crime
1665,Drama
2123,Comedy
53519,Comedy
56152,History
56152,Romance
56152,Western
90061,Documentary
103539,Drama
103539,Foreign
174,ScienceFiction
174,Action
174,Adventure
174,Thriller
544,Romance
544,Comedy
809,Adventure
809,Animation
809,Comedy
809,Family
809,Fantasy
829,Crime
829,Drama
829,Mystery
829,Thriller
1590,Drama
2004,Action
2004,Comedy
2004,Romance
2335,Action
2335,Comedy
2567,Drama
3509,Animation
3509,ScienceFiction
3509,Thriller
6264,Adventure
6264,Fantasy
8010,Action
8010,Fantasy
8010,ScienceFiction
8968,Thriller
8968,Horror
8968,Drama
8968,Mystery
27338,TVMovie
47491,Documentary
47491,Drama
67255,Drama
67255,Comedy
760,Comedy
1498,ScienceFiction
1498,Action
1498,Adventure
1498,Comedy
1498,Family
1572,Action
1572,Thriller
12,Animation
12,Family
1991,Action
1991,Thriller
2363,Drama
2383,Adventure
2383,Drama
2383,Family
5146,Action
5146,Comedy
8985,Comedy
8985,Drama
26547,Animation
26547,Family
31364,Drama
32078,Drama
32078,Thriller
32078,Crime
42632,Documentary
42632,Music
53318,Fantasy
53318,Adventure
53318,Family
55721,Comedy
55721,Romance
58376,Documentary
58376,Foreign
62394,Drama
80350,Thriller
80350,Action
80350,Drama
82667,Western
82667,Thriller
85510,Drama
86320,Documentary
89774,Music
89774,Documentary
93855,Comedy
93855,Drama
60293,Animation
60293,Comedy
60293,Family
62956,Comedy
4327,Action
4327,Adventure
4327,Comedy
4327,Crime
4327,Thriller
490,Fantasy
490,Drama
650,Crime
650,Drama
92751,Horror
92751,Foreign
609,Horror
26974,Horror
26974,Action
26974,Drama
26974,Fantasy
338,Comedy
338,Drama
338,Romance
470,Drama
470,Crime
470,Thriller
502,Drama
502,History
502,Thriller
810,Fantasy
810,Adventure
810,Animation
810,Comedy
810,Family
834,Fantasy
834,Action
834,ScienceFiction
834,Thriller
1430,Documentary
1632,Thriller
1632,Crime
1632,Drama
1840,Crime
1970,Horror
1970,Mystery
1970,Thriller
2462,Comedy
2462,ScienceFiction
2979,Comedy
2979,Fantasy
2979,ScienceFiction
4255,Drama
4255,Action
4255,Comedy
4968,Action
4968,Drama
4968,Crime
4968,Thriller
5165,Drama
5165,Mystery
5562,Drama
5765,Mystery
5765,Thriller
5955,Crime
5955,Drama
5955,Mystery
5955,Thriller
7343,Drama
8130,Comedy
8363,Comedy
8367,Adventure
8372,Western
8832,Drama
8835,Comedy
8836,Drama
8836,Mystery
8836,ScienceFiction
8836,Thriller
8839,Fantasy
8839,Comedy
8839,Family
8860,Action
8860,Adventure
8860,Comedy
8860,Crime
8860,Thriller
8870,Thriller
8870,Action
8870,ScienceFiction
8908,Documentary
8937,Drama
9010,Comedy
9010,Crime
9010,Thriller
31221,Fantasy
31445,Fantasy
31445,Drama
31445,Romance
575,Drama
575,Thriller
234,Drama
234,Horror
234,Thriller
234,Crime
255,Comedy
255,Drama
255,Romance
259,Comedy
259,Drama
259,Romance
287,Comedy
287,Romance
391,Western
505,Crime
505,Drama
510,Drama
639,Comedy
639,Romance
639,Drama
274,Crime
274,Drama
274,Thriller
838,Comedy
838,Drama
8373,ScienceFiction
8373,Action
8373,Adventure
8643,Crime
8643,Drama
8643,Horror
8643,Thriller
26198,Horror
31225,Documentary
42732,Drama
43936,Documentary
51935,Drama
51935,Romance
52458,Animation
52458,Family
53121,Drama
1542,Comedy
1542,Crime
199,ScienceFiction
199,Action
199,Adventure
199,Thriller
2077,Comedy
2084,Comedy
2084,Crime
2084,Thriller
2089,Action
2089,Thriller
4459,Thriller
4519,Comedy
4519,Drama
5460,Drama
5460,Thriller
5460,Romance
5839,Drama
709,Adventure
709,Action
709,Thriller
3054,Action
3054,Comedy
3054,Thriller
26776,Western
27815,Horror
27850,Adventure
27850,Comedy
27850,Family
27850,Fantasy
27850,Horror
27850,TVMovie
36401,War
36401,Drama
36401,Romance
43419,Adventure
56171,Action
56171,Horror
56171,ScienceFiction
59333,Comedy
59333,Documentary
63276,Drama
86835,Romance
86835,Drama
94480,ScienceFiction
94480,Horror
66,Crime
66,Drama
66,Thriller
200,ScienceFiction
200,Action
200,Adventure
200,Thriller
240,Drama
240,Crime
422,Fantasy
422,Drama
512,Comedy
512,Mystery
600,Drama
600,War
691,Adventure
691,Action
691,Thriller
798,Drama
861,Action
861,Adventure
861,ScienceFiction
1647,Action
1647,Thriller
2026,Mystery
2026,Drama
2026,Thriller
2026,Crime
2093,Action
2093,Horror
2093,Thriller
2141,Drama
74948,Drama
700,Adventure
700,Action
700,Thriller
13,Comedy
13,Drama
13,Romance
146,Adventure
146,Drama
146,Action
146,Romance
195,Comedy
195,Romance
201,ScienceFiction
201,Action
201,Adventure
201,Thriller
238,Drama
238,Crime
243,Comedy
243,Drama
243,Romance
243,Music
271,Adventure
271,Drama
271,Fantasy
271,Family
343,Comedy
343,Drama
343,Romance
687,Drama
801,Comedy
801,Drama
801,War
830,Adventure
830,ScienceFiction
830,Action
2033,Drama
2033,Romance
2091,Crime
2091,Thriller
705,Drama
6187,Drama
8129,Drama
8129,Romance
26116,Action
26116,Thriller
26133,Drama
26422,Drama
26422,Foreign
26422,Romance
27674,Horror
27706,Horror
39446,TVMovie
39446,Crime
39446,Drama
39446,Mystery
40826,Drama
40826,Crime
43177,Action
43177,Drama
43177,Family
43177,Adventure
47518,Horror
49280,Fantasy
49280,Action
49280,Thriller
56339,Comedy
61401,Documentary
62437,Documentary
62437,Foreign
312,Drama
867,Drama
867,Thriller
1024,Drama
1024,Fantasy
299,Thriller
299,Music
299,Comedy
299,Crime
1623,Crime
1623,Drama
2771,Comedy
2771,Drama
2882,Romance
2882,Drama
3001,Comedy
3001,Crime
3001,Romance
3177,Action
3177,Thriller
3764,Drama
3766,Crime
3766,Drama
3766,Mystery
2310,Adventure
2310,Action
2310,Animation
3051,Crime
3051,Horror
3051,Mystery
3117,Horror
3117,ScienceFiction
957,Comedy
957,ScienceFiction
2436,Action
2436,Adventure
2436,Comedy
2436,ScienceFiction
330,Adventure
330,Action
330,ScienceFiction
944,Action
944,Adventure
944,Comedy
944,Crime
944,Thriller
1583,Comedy
1938,Crime
1938,Drama
1938,Romance
2102,Adventure
2102,Drama
2102,Action
2102,Thriller
2102,ScienceFiction
2102,Foreign
2182,Comedy
2182,Horror
2182,ScienceFiction
2988,Drama
2988,Romance
3076,Fantasy
3076,Horror
3076,ScienceFiction
3122,Horror
3122,ScienceFiction
3427,Thriller
3432,Drama
3432,Crime
3432,Mystery
3432,Thriller
3115,Fantasy
3115,Action
3115,ScienceFiction
3115,Foreign
3118,Comedy
3118,Foreign
3118,Horror
3877,Drama
5876,ScienceFiction
5876,Horror
5876,Thriller
1165,Drama
3576,Drama
3576,Thriller
3581,Horror
4553,Thriller
4553,Drama
4887,Drama
26554,Horror
26554,Comedy
26554,ScienceFiction
26603,Comedy
26603,Fantasy
27922,Romance
27922,Comedy
27922,Drama
32825,Drama
32825,Romance
33558,Action
33558,Drama
33558,Foreign
33558,Romance
33558,Thriller
33660,Drama
33660,Family
51357,Comedy
56801,Adventure
58432,Horror
58432,Mystery
58432,ScienceFiction
58432,Thriller
59810,Drama
59810,Thriller
59810,Documentary
63481,Comedy
69278,Thriller
69278,ScienceFiction
73211,Drama
73211,Action
74545,Mystery
84187,Comedy
84187,Drama
84601,Animation
85025,Drama
88812,Comedy
88812,Drama
88812,Romance
26686,Comedy
26686,Drama
26686,Romance
42015,Comedy
42015,Drama
44022,Action
44022,Western
57353,Action
57353,Comedy
57353,Thriller
74946,Romance
74946,Drama
1998,Drama
2748,Romance
2748,Drama
4566,Drama
4566,Mystery
4566,Crime
5139,Comedy
5910,Crime
5910,Drama
8838,Action
8838,Crime
8838,Drama
8838,Thriller
8899,Crime
8899,Drama
32031,Action
32031,Adventure
36519,Crime
36519,Thriller
37857,Drama
37857,Comedy
42011,Comedy
42011,Crime
58293,Drama
58293,Comedy
58293,Thriller
62999,Comedy
62999,Romance
83132,Drama
83132,Music
98491,Drama
98491,Romance
779,Drama
779,Horror
26564,Documentary
1993,History
1993,Drama
1993,Romance
627,Drama
627,Crime
630,Adventure
630,Family
630,Fantasy
685,Documentary
781,Drama
848,Fantasy
991,Drama
991,ScienceFiction
3079,Horror
3079,ScienceFiction
3936,Comedy
5421,Horror
5994,Comedy
5994,Drama
5994,Romance
5994,Fantasy
7303,Comedy
7303,Drama
7303,Romance
8833,Action
8833,Comedy
8935,Drama
8935,Foreign
8998,Comedy
8998,Drama
8998,Romance
26680,Horror
31694,Crime
31694,Drama
31694,Thriller
38499,Horror
39435,Western
43908,Comedy
43908,Drama
43930,Action
44974,Comedy
44974,Romance
46948,Drama
47200,Crime
47200,Drama
47200,Romance
49957,Documentary
55872,Action
55872,Adventure
55872,Romance
56715,Comedy
56715,Fantasy
56715,ScienceFiction
57326,Horror
57326,ScienceFiction
63540,Comedy
15,Mystery
15,Drama
1359,Thriller
1359,Drama
1359,Crime
2322,Comedy
2322,Crime
2322,Drama
4676,Comedy
4676,Drama
4676,Romance
6058,Action
6058,Thriller
8814,Adventure
8814,Action
8814,Horror
8965,Fantasy
8965,Animation
8965,ScienceFiction
8965,Family
8965,Action
32029,Drama
32029,Crime
32596,Comedy
37380,Adventure
37380,Drama
37727,Comedy
43836,Romance
43836,Drama
47952,Comedy
47952,Drama
47952,Foreign
47952,War
50162,ScienceFiction
50162,Horror
50601,War
50601,Drama
54648,Animation
54648,Adventure
54648,Family
59421,Thriller
59421,Crime
59421,Drama
59421,Horror
64116,Drama
64116,Comedy
70282,Drama
71254,Action
71254,Thriller
71254,ScienceFiction
71520,Mystery
71520,Romance
71520,ScienceFiction
71520,Drama
72701,Drama
74154,Drama
74154,Comedy
74154,Romance
74154,Foreign
74580,Comedy
78041,Action
78041,Comedy
79224,Drama
79224,Action
79224,History
79224,Thriller
81512,Action
81512,Comedy
81512,Western
84772,Romance
84772,Western
86059,Drama
92681,Action
92681,Thriller
2348,Comedy
2984,Comedy
2984,Romance
8008,Drama
414,Action
414,Crime
414,Fantasy
824,Drama
824,Music
824,Romance
1643,Drama
1643,Romance
1844,Romance
1844,Drama
1844,Mystery
2487,Action
2487,Drama
2487,Thriller
3539,Drama
901,Comedy
901,Drama
901,Romance
935,Drama
935,Comedy
935,War
938,Western
946,Drama
956,Adventure
956,Action
956,Thriller
1936,Adventure
1936,Western
1940,Music
1940,Drama
1940,Romance
1942,Thriller
1942,Mystery
2612,Fantasy
2612,Comedy
2612,ScienceFiction
2612,Romance
2927,ScienceFiction
3515,Drama
3515,Action
3515,Thriller
3515,Crime
3580,Crime
3580,Drama
3580,Mystery
3716,Adventure
3716,Comedy
3716,Romance
30,Animation
30,ScienceFiction
55,Drama
55,Thriller
103,Crime
103,Drama
213,Mystery
213,Thriller
242,Crime
242,Drama
242,Thriller
302,Thriller
302,Crime
347,Drama
452,Drama
452,Comedy
698,Action
698,Adventure
698,Thriller
698,ScienceFiction
37853,Comedy
37853,Drama
37853,Family
37853,War
56156,Drama
275,Crime
275,Drama
275,Thriller
473,Mystery
473,Drama
473,Thriller
521,Crime
521,Mystery
521,Thriller
888,Fantasy
888,Comedy
888,Family
936,Comedy
936,Crime
961,Action
961,Adventure
961,Comedy
961,Drama
984,Action
984,Crime
984,Thriller
1162,Drama
1419,Comedy
1419,Drama
2241,Comedy
2287,Documentary
2370,Action
2370,Drama
2370,Mystery
2370,Thriller
2669,Action
2669,Drama
2669,History
2860,Drama
2860,Romance
2899,Family
2899,Fantasy
2899,Comedy
2899,Adventure
3028,Comedy
3028,Horror
3028,ScienceFiction
3040,Fantasy
3040,Action
3040,Thriller
3086,Comedy
3086,Romance
3090,Action
3090,Adventure
3090,Drama
3090,Western
3480,Drama
3480,History
3520,Drama
3520,Comedy
45928,Crime
45928,Thriller
4880,Comedy
4880,Drama
2200,History
2200,Drama
2200,Comedy
3097,War
3097,Drama
3097,History
3097,Adventure
3097,Romance
3097,Thriller
3632,Action
3632,ScienceFiction
5333,Thriller
5333,Horror
5333,Drama
6609,Action
6609,Western
7210,Comedy
7211,Comedy
7211,Romance
7211,Drama
8199,Drama
8199,Romance
8199,ScienceFiction
8584,Adventure
8584,Action
8584,Comedy
8584,Western
25952,ScienceFiction
105246,Comedy
289,Drama
289,Romance
387,Action
387,Drama
387,History
387,War
387,Adventure
433,Comedy
433,Family
433,Fantasy
476,Crime
476,Drama
892,Comedy
892,ScienceFiction
892,Fantasy
1495,Drama
1495,Action
1495,Adventure
1495,History
1495,War
2016,Drama
2016,History
2016,War
2195,Drama
2195,Action
2195,Thriller
2266,Drama
2266,Romance
2331,History
2331,Drama
4180,Comedy
6877,Comedy
205,Drama
205,History
205,War
554,Drama
554,History
554,Romance
695,Comedy
695,Drama
1404,Drama
3109,Comedy
3109,Drama
3109,Romance
3110,Drama
3110,Western
6615,Comedy
6615,Romance
6615,Drama
219,Comedy
219,Drama
219,Romance
6474,Action
6474,Western
533,Adventure
533,Animation
533,Comedy
533,Family
692,Horror
692,Comedy
692,Crime
833,Drama
2798,Comedy
2817,Drama
2817,Comedy
2817,Romance
4338,Comedy
4339,Comedy
4339,Drama
4339,Foreign
4443,Horror
4443,Thriller
4923,Fantasy
4923,Action
4923,Thriller
4923,ScienceFiction
4990,Action
4990,Comedy
4990,Crime
4990,Drama
4990,Mystery
4990,Thriller
72356,History
72356,Drama
72356,Crime
156,Comedy
156,Drama
156,Romance
178,Drama
178,Action
178,Thriller
184,Comedy
184,Crime
184,Romance
291,Documentary
392,Comedy
392,Drama
392,Romance
469,Comedy
469,Drama
846,Mystery
846,ScienceFiction
846,Thriller
2897,Adventure
2897,Comedy
2897,Family
2897,Fantasy
2897,Romance
54732,Documentary
55253,Drama
55253,Comedy
25771,Music
25771,Documentary
2652,Drama
2652,Thriller
1979,Adventure
1979,Fantasy
1979,Action
1979,Thriller
2789,Action
2789,ScienceFiction
3075,Horror
3075,ScienceFiction
3777,Drama
3777,History
3875,Drama
4368,Horror
4893,Action
4893,Thriller
5153,Drama
5153,History
8128,Animation
8128,Drama
8194,Crime
8194,Drama
8848,Thriller
8848,Crime
8848,Drama
8906,Drama
8906,Romance
25774,Comedy
25774,Foreign
25807,Mystery
25807,Thriller
26125,Action
26125,Thriller
26171,Drama
26176,Comedy
26320,Music
26320,Comedy
26320,Drama
26326,Comedy
26326,Music
26631,Horror
26631,Thriller
26693,Horror
27329,Drama
27329,Foreign
27329,History
27329,War
31270,Action
31270,Comedy
31270,Mystery
31270,Thriller
31502,Animation
31502,Drama
31502,Action
32686,Comedy
32686,Drama
32728,Documentary
32728,History
33592,Horror
33592,Thriller
33817,Crime
33817,Drama
33817,Thriller
40833,Horror
40833,ScienceFiction
45662,Animation
45662,Family
48231,Drama
48231,Thriller
52666,Drama
52666,Thriller
52666,Crime
52666,Foreign
53435,Action
53435,Comedy
53435,Romance
71700,ScienceFiction
71700,Thriller
71700,Drama
80844,Drama
80844,Romance
80844,Thriller
85788,Drama
92309,Action
92496,Comedy
97593,TVMovie
97593,Adventure
103299,Drama
103299,Action
103299,Thriller
103299,Crime
103299,Mystery
103688,Drama
103688,Music
103688,Documentary
105763,Drama
105763,Comedy
105763,Romance
105763,Foreign
110748,Documentary
110748,History
112655,Drama
112655,Romance
114044,Drama
114044,ScienceFiction
4972,Comedy
8337,Action
8337,Horror
8337,ScienceFiction
8337,Thriller
499,Comedy
499,Drama
4593,Comedy
1633,Drama
1633,Comedy
2969,Drama
2969,Fantasy
2969,ScienceFiction
2969,Horror
2972,Horror
2972,ScienceFiction
2972,Thriller
3125,Horror
3125,ScienceFiction
3171,Animation
3171,Comedy
50794,TVMovie
50794,Comedy
50794,Family
1934,Romance
1934,History
2654,Horror
2654,Mystery
2654,Thriller
25750,Horror
31156,Animation
80831,Drama
84944,Drama
84944,Fantasy
84944,Horror
85367,Crime
68659,Action
68659,Adventure
68659,Drama
73881,Comedy
73881,Drama
80241,Adventure
80241,Drama
108548,Drama
108548,Foreign
105593,Mystery
105593,Drama
105593,Thriller
80,Drama
80,Romance
401,Comedy
401,Drama
401,Romance
615,Drama
759,Comedy
759,Romance
4174,Drama
4174,Mystery
4174,Thriller
5899,Comedy
7091,Comedy
7091,Horror
7840,Adventure
7840,Action
7840,Drama
7840,Fantasy
7944,Documentary
7944,Music
8989,Comedy
8989,Family
8989,Fantasy
7456,ScienceFiction
7456,Thriller
7459,Action
7459,Family
7459,ScienceFiction
8951,Family
8951,Drama
8951,Comedy
694,Horror
694,Thriller
742,Drama
742,Comedy
742,Romance
1581,Comedy
1581,Romance
1626,Drama
1975,Horror
1975,Thriller
2119,Adventure
2325,War
2325,Drama
577,Fantasy
577,Drama
577,Comedy
577,Thriller
1592,Crime
1592,Drama
1592,Mystery
1592,Thriller
2525,Drama
6163,History
6163,Drama
6163,Action
6793,Crime
6793,Drama
6793,Horror
42191,Crime
42191,Drama
59392,Drama
59392,Romance
59392,ScienceFiction
93061,Music
941,Adventure
941,Action
941,Comedy
941,Thriller
941,Crime
8341,Romance
8341,Drama
8341,Adventure
3078,Comedy
3078,Romance
4587,Comedy
4587,Drama
4587,Romance
4584,Drama
4584,Romance
619,Thriller
619,Action
619,Drama
619,Music
619,Romance
879,Adventure
879,Fantasy
879,Comedy
879,Family
907,Drama
907,Romance
907,War
1363,Drama
1363,Action
1363,Western
1363,Romance
1858,Adventure
1858,ScienceFiction
1858,Action
2039,Comedy
2039,Drama
2039,Romance
2045,Drama
2045,Mystery
2045,ScienceFiction
2045,Thriller
2048,Action
2048,ScienceFiction
2057,Thriller
2168,Drama
3604,ScienceFiction
4024,Drama
4024,Romance
4133,Crime
4133,Drama
4141,Action
4141,Thriller
4141,Comedy
4141,Crime
4169,Drama
4169,Thriller
4169,Crime
4169,History
4248,Comedy
4912,Comedy
4912,Crime
4912,Drama
4912,Romance
4912,Thriller
4912,Comedy
4912,Crime
4912,Drama
4912,Romance
4912,Thriller
4912,Comedy
4912,Crime
4912,Drama
4912,Romance
4912,Thriller
4912,Comedy
4912,Crime
4912,Drama
4912,Romance
4912,Thriller
5038,Drama
5038,Romance
5048,Drama
5048,Fantasy
5168,Documentary
5375,Action
5375,Comedy
5375,Drama
6182,Drama
6414,Drama
6646,Adventure
6646,Family
6723,Action
6723,Crime
6723,Drama
6723,Thriller
6970,Music
6970,Comedy
6970,Fantasy
6970,Adventure
7294,Romance
7294,Comedy
7294,Drama
7916,Action
7916,ScienceFiction
7916,Thriller
8460,Action
8460,Comedy
8460,Thriller
8460,Romance
8916,Adventure
8916,Animation
8916,Comedy
8916,Family
8986,Comedy
8986,Romance
8988,Drama
8988,War
8999,Drama
8999,Thriller
26386,Comedy
26386,Family
31026,Drama
8884,Drama
8884,Fantasy
8884,ScienceFiction
32302,Action
32302,Comedy
32302,Family
8275,Comedy
78321,Action
78321,Crime
78321,Drama
79008,Comedy
74727,Crime
74727,Horror
107412,Action
107412,Drama
107412,Crime
488,Adventure
488,War
488,Romance
1652,Comedy
1652,Crime
4518,Drama
4518,History
4612,Action
5473,Drama
5473,Crime
5473,Foreign
5780,Mystery
5780,Thriller
6114,Romance
6114,Horror
8872,Music
8872,Comedy
8892,Drama
8892,Comedy
8893,Documentary
8923,Crime
8923,Drama
8938,Romance
8938,Drama
25744,Horror
26258,Adventure
26258,Action
26258,Comedy
26258,Crime
26258,Family
26655,Comedy
26655,Drama
26655,Family
26809,Animation
26809,Fantasy
26809,Family
27322,Comedy
27322,Drama
27322,Romance
31682,Drama
31682,ScienceFiction
31682,Thriller
33138,Documentary
40226,Horror
40226,Action
50011,Drama
62764,Adventure
62764,Fantasy
62764,Drama
62764,Comedy
62764,ScienceFiction
62764,Family
77291,Drama
77291,Crime
77291,Music
77291,Romance
77291,Foreign
87884,Thriller
87884,Crime
92424,Romance
92424,Comedy
95752,Drama
95752,Romance
