id,release_date,revenue,runtime,title
1371,1982-05-28,2.7E8,99.0,Rocky III
1405,1924-12-04,0.0,140.0,Greed
2105,1999-07-09,2.35483004E8,95.0,American Pie
2193,1983-03-04,2.2587E7,97.0,My Tutor
2294,2001-08-22,3.3788161E7,104.0,Jay and Silent Bob Strike Back
2455,1983-08-10,0.0,110.0,Confidentially Yours
17,2006-01-26,0.0,87.0,The Dark
62,1968-04-10,6.87E7,149.0,2001: A Space Odyssey
110,1994-05-27,0.0,99.0,Three Colors: Red
144,1987-01-01,3200000.0,128.0,Wings of Desire
150,1982-12-07,7.8868508E7,96.0,48 Hrs.
153,2003-08-31,1.19723856E8,102.0,Lost in Translation
161,2001-12-07,4.5071715E8,116.0,Ocean"s Eleven
165,1989-11-20,3.32E8,108.0,Back to the Future Part II
168,1986-11-25,1.33E8,119.0,Star Trek IV: The Voyage Home
185,1971-12-18,2.6589E7,136.0,A Clockwork Orange
186,2006-02-24,5.6308881E7,110.0,Lucky Number Slevin
222,1927-09-23,0.0,69.0,Berlin: Symphony of a Great City
223,1940-04-12,6000000.0,130.0,Rebecca
225,1981-07-27,0.0,147.0,Man of Iron
235,1986-08-22,5.2287414E7,89.0,Stand by Me
248,1961-12-18,5000000.0,136.0,Pocketful of Miracles
253,1973-07-05,1.61777836E8,121.0,Live and Let Die
261,1958-02-17,1.7570324E7,108.0,Cat on a Hot Tin Roof
265,1981-01-14,0.0,120.0,Lili Marleen
266,1963-10-21,528428.0,103.0,Contempt
272,2005-06-10,3.74218673E8,140.0,Batman Begins
273,2001-12-31,0.0,107.0,The White Sound
292,2005-09-12,1.1718595E7,100.0,Dave Chappelle"s Block Party
296,2003-07-02,4.35E8,109.0,Terminator 3: Rise of the Machines
300,2006-02-11,9524340.0,105.0,The Science of Sleep
314,2004-07-22,8.2102379E7,104.0,Catwoman
317,2006-03-01,0.0,90.0,Grbavica: The Land of My Dreams
319,1993-09-09,1.2281551E7,120.0,True Romance
339,1991-10-03,2015810.0,129.0,Night on Earth
349,2005-03-30,0.0,93.0,Cockles and Muscles
350,2006-06-30,3.26551094E8,109.0,The Devil Wears Prada
364,1992-06-19,2.8E8,126.0,Batman Returns
377,1984-11-14,2.5504513E7,91.0,A Nightmare on Elm Street
405,1954-07-16,0.0,104.0,La Strada
410,2005-09-09,0.0,105.0,Summer in Berlin
454,1996-10-31,1.47298761E8,120.0,Romeo + Juliet
457,1955-12-22,0.0,102.0,Sissi
468,1991-10-17,0.0,104.0,My Own Private Idaho
480,2001-08-30,0.0,114.0,Monsoon Wedding
497,1999-12-10,2.846E8,189.0,The Green Mile
500,1992-09-02,1.4661007E7,99.0,Reservoir Dogs
508,2003-09-07,2.44931766E8,135.0,Love Actually
509,1999-05-13,3.63889678E8,124.0,Notting Hill
527,1994-09-02,2201126.0,99.0,Once Were Warriors
537,2005-10-12,0.0,93.0,Not Here to Be Loved
539,1960-06-16,3.2E7,109.0,Psycho
550,1999-10-15,1.00853753E8,139.0,Fight Club
551,1972-12-01,8.4563118E7,117.0,The Poseidon Adventure
552,2000-03-03,0.0,114.0,Bread and Tulips
585,2001-11-01,5.62816256E8,92.0,Monsters_ Inc.
586,1997-12-25,6.4256513E7,97.0,Wag the Dog
587,2003-12-25,1.22919055E8,125.0,Big Fish
588,2006-04-21,9.7607453E7,125.0,Silent Hill
590,2002-12-27,4.159783E7,114.0,The Hours
592,1974-04-07,4420000.0,113.0,The Conversation
593,1972-03-20,0.0,167.0,Solaris
616,2003-12-05,4.56758981E8,154.0,The Last Samurai
661,1979-02-20,0.0,116.0,The Marriage of Maria Braun
247,1956-05-08,0.0,85.0,The Killing
267,1997-10-28,1535558.0,103.0,Live Flesh
318,2000-02-09,0.0,122.0,The Million Dollar Hotel
595,1962-12-25,1.3129846E7,129.0,To Kill a Mockingbird
778,1953-02-26,0.0,84.0,Monsieur  Hulot"s Holiday
866,116766556,106.0,null,FALSE
1271,2006-12-09,4.22610419E8,117.0,300
1378,2006-05-20,5179037.0,101.0,Shortbus
1580,1948-08-23,2200000.0,80.0,Rope
1721,1972-12-22,0.0,106.0,All the Way Boys
1884,1985-02-13,0.0,96.0,The Ewok Adventure
2028,1989-04-14,2.0036737E7,100.0,Say Anything...
2694,2006-09-21,0.0,96.0,Tuya"s Marriage
2762,1937-11-01,0.0,83.0,Young and Innocent
2841,2004-10-26,0.0,133.0,A Very Long Engagement
2959,2007-07-04,6.9307224E7,91.0,License to Wed
44191,1985-07-19,0.0,92.0,Loose Screws
58559,2012-08-29,0.0,120.0,Confession of a Child of the Century
152,1979-12-06,1.39E8,132.0,Star Trek: The Motion Picture
344,1999-08-26,0.0,110.0,Bang_ Boom_ Bang
345,1999-07-14,1.62091208E8,159.0,Eyes Wide Shut
1089,1991-07-12,8.3531958E7,120.0,Point Break
1127,2005-09-02,0.0,113.0,Princesses
1358,1991-10-01,0.0,80.0,A Brief History of Time
1499,1993-03-17,4.2E7,96.0,Teenage Mutant Ninja Turtles III
1611,2003-10-15,0.0,118.0,The Miracle of Bern
1690,2005-01-06,8.0578934E7,94.0,Hostel
1719,1964-05-05,0.0,119.0,The Soft Skin
1887,2006-05-24,6.047434E7,123.0,Marie Antoinette
1923,1992-06-03,4160851.0,134.0,Twin Peaks: Fire Walk with Me
2108,1985-02-15,5.1525171E7,97.0,The Breakfast Club
2539,2004-12-17,5.5041367E7,130.0,Spanglish
2890,2000-01-27,0.0,86.0,Andr챕 Hazes_ Zij Gelooft in Mij
2907,1991-11-22,1.91502426E8,99.0,The Addams Family
2926,1973-12-11,0.0,105.0,The Three Musketeers
3019,1931-12-31,0.0,98.0,Dr. Jekyll and Mr. Hyde
70,2004-12-15,2.16763646E8,132.0,Million Dollar Baby
169,1990-11-20,5.7120318E7,108.0,Predator 2
923,1978-09-02,5.5E7,127.0,Dawn of the Dead
1408,1995-12-22,1.0017322E7,119.0,Cutthroat Island
1918,2004-09-09,0.0,95.0,Or (My Treasure)
2042,1998-11-20,0.0,99.0,Savior
26614,1931-11-20,0.0,91.0,La Chienne
91548,1993-03-17,0.0,94.0,Ring of Fire II: Blood and Steel
97938,2013-08-19,0.0,87.0,Heart of the Country
608,2002-07-03,4.41818803E8,88.0,Men in Black II
673,2004-05-31,7.89804554E8,141.0,Harry Potter and the Prisoner of Azkaban
1374,1985-11-21,3.00473716E8,91.0,Rocky IV
1387,1988-04-30,0.0,43.0,Superstar: The Karen Carpenter Story
1639,1997-06-13,1.64508066E8,121.0,Speed 2: Cruise Control
1732,1979-08-17,0.0,108.0,The Prisoner of Zenda
2259,1993-10-19,0.0,140.0,The House of the Spirits
2355,2007-03-23,2.2222308E7,124.0,Reign Over Me
2460,1996-05-20,0.0,125.0,Earth
2668,1999-11-18,2.06071502E8,105.0,Sleepy Hollow
3146,1966-07-31,0.0,88.0,The War of the Gargantuas
3176,2000-12-16,2.5E7,114.0,Battle Royale
3179,1996-12-15,0.0,81.0,Beavis and Butt-Head Do America
3865,2006-03-24,0.0,105.0,Dark Blue Almost Black
277,2003-09-19,9.5708457E7,121.0,Underworld
524,1995-11-22,1.16112375E8,178.0,Casino
531,1993-12-17,0.0,30.0,The Wrong Trousers
914,1940-10-15,1.1E7,125.0,The Great Dictator
919,2000-11-18,0.0,48.0,Blood: The Last Vampire
1259,2006-12-25,4.9469904E7,92.0,Notes on a Scandal
1265,2007-02-16,1.37587063E8,96.0,Bridge to Terabithia
1961,2007-10-01,173066.0,86.0,My Name Is Bruce
2761,1936-06-12,0.0,86.0,Secret Agent
3114,1956-03-13,0.0,119.0,The Searchers
3396,2003-09-07,0.0,80.0,The Yes Men
4886,1945-10-31,0.0,97.0,And Then There Were None
4993,1968-07-28,0.0,103.0,5 Card Stud
594,2004-06-17,2.19417255E8,128.0,The Terminal
2038,1992-01-09,0.0,98.0,Iron Eagle III
2861,1982-05-19,0.0,97.0,A Good Marriage
3175,1975-12-18,2.0E7,184.0,Barry Lyndon
2,1988-10-21,0.0,69.0,Ariel
5,1995-12-09,4300000.0,98.0,Four Rooms
6,1993-10-15,1.2136938E7,110.0,Judgment Night
11,1977-05-25,7.75398007E8,121.0,Star Wars
14,1999-09-15,3.56296601E8,122.0,American Beauty
16,2000-05-17,4.0031879E7,140.0,Dancer in the Dark
19,1927-01-10,650422.0,153.0,Metropolis
21,1966-06-15,0.0,95.0,The Endless Summer
22,2003-07-09,6.55011224E8,143.0,Pirates of the Caribbean: The Curse of the Black Pearl
25,2005-11-04,9.6889998E7,125.0,Jarhead
82,2006-07-27,1.63794509E8,134.0,Miami Vice
95,1998-07-01,5.53799566E8,151.0,Armageddon
101,1994-09-14,4.5284974E7,110.0,Leon: The Professional
104,1998-08-20,7267585.0,81.0,Run Lola Run
107,2000-09-01,8.3557872E7,103.0,Snatch
111,1983-12-08,6.5884703E7,170.0,Scarface
112,2000-12-07,0.0,112.0,Italian for Beginners
123,1978-11-15,3.047142E7,132.0,The Lord of the Rings
145,1996-05-13,3803298.0,159.0,Breaking the Waves
149,1988-07-16,553171.0,124.0,Akira
157,1984-05-31,8.7E7,105.0,Star Trek III: The Search for Spock
160,1896-01-25,0.0,1.0,The Arrival of a Train at La Ciotat
162,1990-12-05,5.3E7,105.0,Edward Scissorhands
163,2004-12-09,3.6274428E8,125.0,Ocean"s Twelve
164,1961-10-05,9500000.0,110.0,Breakfast at Tiffany"s
170,2002-10-31,8.2719885E7,113.0,28 Days Later
172,1989-06-09,7.02E7,107.0,Star Trek V: The Final Frontier
175,1988-05-11,0.0,168.0,The Big Blue
176,2004-10-01,1.03911669E8,103.0,Saw
180,2002-06-20,3.58372926E8,145.0,Minority Report
193,1994-11-17,1.2E8,118.0,Star Trek: Generations
196,1990-05-25,2.44527583E8,118.0,Back to the Future Part III
198,1942-03-05,0.0,99.0,To Be or Not to Be
214,2006-10-27,1.63876815E8,108.0,Saw III
215,2005-10-28,1.52925093E8,92.0,Saw II
216,1974-03-05,0.0,93.0,Ali: Fear Eats the Soul
231,2005-11-23,9.4E7,128.0,Syriana
232,1983-10-20,2494480.0,94.0,Rumble Fish
233,23000000,117.0,null,FALSE
237,2003-09-26,2500000.0,93.0,Young Adam
252,1971-06-29,4000000.0,100.0,Willy Wonka & the Chocolate Factory
260,1935-06-01,0.0,86.0,The 39 Steps
288,1952-03-27,8000000.0,85.0,High Noon
293,1992-10-09,4.3440294E7,123.0,A River Runs Through It
306,1994-05-24,1.19208989E8,104.0,Beverly Hills Cop III
307,1945-09-27,0.0,100.0,Rome_ Open City
308,2005-05-17,4.5742101E7,105.0,Broken Flowers
316,2002-02-12,0.0,111.0,Grill Point
322,2003-10-07,1.5682202E8,138.0,Mystic River
329,1993-06-11,9.201E8,127.0,Jurassic Park
335,1968-12-21,5321508.0,175.0,Once Upon a Time in the West
342,2004-09-02,0.0,98.0,Summer Storm
380,1988-12-11,4.128E8,133.0,Rain Man
429,1966-12-23,6000000.0,161.0,The Good_ the Bad and the Ugly
431,1997-09-09,501818.0,90.0,Cube
434,2006-03-09,0.0,99.0,Tough Enough
435,2004-05-26,5.44272402E8,124.0,The Day After Tomorrow
440,2007-12-25,4.1797066E7,94.0,Aliens vs Predator: Requiem
441,2001-05-18,705308.0,96.0,Human Nature
442,2004-09-24,2.8E7,100.0,Popular Music
466,1971-06-21,0.0,114.0,Klute
471,1997-01-01,0.0,102.0,Bandyta
481,2005-10-14,0.0,86.0,7 Virgins
483,1990-05-01,1.4560247E7,124.0,Wild at Heart
494,1973-06-14,1458000.0,112.0,Shaft in Africa
535,1983-04-14,9.2921203E7,95.0,Flashdance
540,2004-01-21,0.0,91.0,D.E.B.S.
541,1955-12-14,0.0,119.0,The Man with the Golden Arm
543,1929-06-30,0.0,84.0,Blackmail
549,1996-08-09,3011195.0,108.0,Basquiat
562,1988-07-15,1.40767956E8,131.0,Die Hard
574,1956-06-01,1.025E7,120.0,The Man Who Knew Too Much
597,1997-11-18,1.845034188E9,194.0,Titanic
628,1994-11-11,2.23664608E8,123.0,Interview with the Vampire
647,2005-07-14,0.0,101.0,Final Fantasy VII: Advent Children
648,1946-10-29,0.0,96.0,Beauty and the Beast
663,2007-10-25,1.39352633E8,93.0,Saw IV
665,1959-12-26,1.469E8,212.0,Ben-Hur
674,2005-11-05,8.95921036E8,157.0,Harry Potter and the Goblet of Fire
680,1994-09-10,2.13928762E8,154.0,Pulp Fiction
708,1987-06-29,1.91185897E8,130.0,The Living Daylights
745,1999-08-06,6.72806292E8,107.0,The Sixth Sense
750,1961-01-01,0.0,87.0,Murder She Said
762,1975-03-13,5028948.0,91.0,Monty Python and the Holy Grail
780,1928-04-21,0.0,110.0,The Passion of Joan of Arc
784,1996-05-05,5770254.0,105.0,Kolya
786,2000-09-15,4.7383689E7,122.0,Almost Famous
788,1993-11-24,4.41286195E8,125.0,Mrs. Doubtfire
799,1999-03-11,0.0,107.0,Annaluise & Anton
800,1950-11-09,0.0,85.0,Los Olvidados
802,1962-06-13,9250000.0,153.0,Lolita
803,1955-01-01,0.0,32.0,Night and Fog
804,1953-09-02,1.2E7,119.0,Roman Holiday
832,1931-05-11,0.0,117.0,M
836,1963-08-22,0.0,115.0,Barren Lives
851,1945-11-24,0.0,86.0,Brief Encounter
858,1993-06-24,2.27799884E8,105.0,Sleepless in Seattle
899,1919-05-13,0.0,90.0,Broken Blossoms
903,1967-06-22,1.6217773E7,126.0,Cool Hand Luke
909,1944-11-23,0.0,113.0,Meet Me in St. Louis
910,1946-08-23,0.0,116.0,The Big Sleep
911,1940-11-29,0.0,72.0,The Bank Dick
912,1968-06-19,0.0,102.0,The Thomas Crown Affair
913,1999-08-06,1.24305181E8,113.0,The Thomas Crown Affair
916,1968-10-17,4.2300873E7,113.0,Bullitt
920,2006-06-08,4.61983149E8,117.0,Cars
922,1995-12-23,0.0,121.0,Dead Man
924,2004-03-19,1.02356381E8,101.0,Dawn of the Dead
926,1999-12-23,9.0683916E7,102.0,Galaxy Quest
931,1973-12-03,0.0,110.0,Don"t Look Now
953,2005-05-25,5.32680671E8,86.0,Madagascar
994,1971-12-29,3251794.0,118.0,Straw Dogs
1073,1999-03-19,0.0,117.0,Arlington Road
1088,2003-01-30,4.14E7,101.0,Whale Rider
1092,1949-08-31,596349.0,104.0,The Third Man
1093,1958-01-29,263404.0,88.0,Elevator to the Gallows
1213,1999-12-25,1.28798265E8,139.0,The Talented Mr. Ripley
1244,2007-02-01,0.0,114.0,Eight Miles High
1246,2006-12-20,1.55721132E8,102.0,Rocky Balboa
1247,2006-12-11,5.9908565E7,167.0,The Good Shepherd
1248,2007-02-06,8.2169884E7,121.0,Hannibal Rising
1249,2006-08-31,1.6803753E7,126.0,Hollywoodland
1250,2007-02-16,2.28738393E8,114.0,Ghost Rider
1251,2006-12-19,6.8673228E7,141.0,Letters from Iwo Jima
1252,2006-04-30,0.0,108.0,Lonely Hearts
1254,2006-09-06,0.0,96.0,Don"t Worry_ I"m Fine
1260,2006-08-25,0.0,81.0,Lotte from Gadgetville
1262,2006-09-09,5.3653224E7,113.0,Stranger Than Fiction
1266,2008-04-10,6.5569869E7,109.0,Street Kings
1267,2007-03-23,1.69332978E8,95.0,Meet the Robinsons
1272,2007-04-05,3.2017803E7,107.0,Sunshine
1280,2004-10-15,0.0,88.0,3-Iron
1281,1997-07-03,2.5121267E8,85.0,Bean
1283,1998-03-13,0.0,97.0,Torrente_ the Dumb Arm of the Law
1284,2001-03-30,0.0,99.0,Torrente 2: Mission in Marbella
1361,1980-05-11,0.0,98.0,The Return of the King
1370,1988-05-24,1.89015611E8,102.0,Rambo III
1377,1958-11-19,0.0,110.0,Houseboat
1380,1989-01-13,2777280.0,109.0,Gleaming the Cube
1391,2001-06-08,3.3616692E7,106.0,Y Tu Mam찼 Tambi챕n
1393,2005-07-27,0.0,93.0,The Cave of the Yellow Dog
1394,1983-05-01,0.0,120.0,Nostalgia
1396,1975-03-07,0.0,106.0,Mirror
1407,2007-02-08,0.0,140.0,La Vie en Rose
1479,1993-09-05,0.0,79.0,Clean_ Shaven
1483,1990-04-30,0.0,78.0,Begotten
1484,1995-11-23,0.0,110.0,The Deathmaker
1485,1971-03-03,0.0,112.0,Get Carter
1544,2005-02-01,2455831.0,93.0,Imagine Me & You
1546,2005-01-23,1919197.0,96.0,Thumbsucker
1552,1989-07-31,1.2629783E8,124.0,Parenthood
1562,2007-04-26,6.423844E7,100.0,28 Weeks Later
1573,1990-07-02,2.40031094E8,124.0,Die Hard 2
1584,2003-10-03,1.31282949E8,108.0,School of Rock
1589,2003-09-12,0.0,91.0,The Boys from County Clare
1597,2000-10-06,3.30444045E8,108.0,Meet the Parents
1608,1996-03-01,0.0,95.0,When Saturday Comes
1610,1997-04-04,0.0,102.0,Fever Pitch
1615,2002-06-20,4508104.0,80.0,Erkan & Stefan 2
1616,2005-05-19,0.0,97.0,Erkan & Stefan 3
1635,2005-07-20,1.62949164E8,136.0,The Island
1644,1993-02-05,0.0,109.0,The Vanishing
1645,1996-07-24,1.52266007E8,149.0,A Time to Kill
1649,1991-07-19,0.0,98.0,Bill & Ted"s Bogus Journey
1653,2004-02-06,1.6756372E7,126.0,The Motorcycle Diaries
1673,1960-03-01,0.0,73.0,Comanche Station
1676,1967-12-19,0.0,110.0,Will Penny
1680,1962-08-11,0.0,98.0,King Kong vs. Godzilla
1682,1964-04-29,0.0,89.0,Mothra vs. Godzilla
1689,1993-12-01,4858139.0,140.0,Little Buddha
1694,1985-10-18,2023414.0,86.0,Re-Animator
1717,2006-09-10,9450897.0,125.0,All the King"s Men
1722,2001-08-17,6.2112895E7,131.0,Captain Corelli"s Mandolin
1729,2008-04-18,1.27906624E8,104.0,The Forbidden Kingdom
1735,2008-07-01,4.01128639E8,112.0,The Mummy: Tomb of the Dragon Emperor
1777,2004-06-25,1.19114517E8,122.0,Fahrenheit 9/11
1779,1989-09-01,6706368.0,91.0,Roger & Me
1792,2003-12-10,3.3828318E7,118.0,Stuck on You
1807,2003-05-18,1.0012022E7,81.0,Elephant
1810,1952-02-07,0.0,113.0,Viva Zapata!
1816,1985-12-10,1.4202899E7,113.0,A Chorus Line
1831,2000-03-03,2.4362772E7,108.0,The Next Best Thing
1834,1944-12-09,0.0,95.0,Murder_ My Sweet
1836,2002-12-04,0.0,93.0,In My Skin
1845,2007-02-09,1.9776159E7,96.0,2 Days in Paris
1859,1939-10-06,2279000.0,110.0,Ninotchka
1882,1950-07-20,0.0,85.0,The Men
1883,1992-11-18,4.8169908E7,202.0,Malcolm X
1895,2005-05-17,8.5E8,140.0,Star Wars: Episode III - Revenge of the Sith
1904,2005-12-06,1.62242962E8,145.0,Memoirs of a Geisha
1909,1994-10-01,2.22E7,97.0,Don Juan DeMarco
1912,2007-09-11,0.0,129.0,Reclaim Your Brain
1914,2006-04-26,0.0,95.0,FC Venus
1917,2003-12-24,0.0,126.0,Who Killed Bambi?
1921,2001-02-16,6.5754228E7,119.0,Sweet November
1945,1994-12-23,1.06683817E8,112.0,Nell
1950,2007-05-01,5761917.0,124.0,Lucky You
1954,2004-01-22,9.6060858E7,113.0,The Butterfly Effect
1955,1980-10-02,2.6010864E7,124.0,The Elephant Man
1956,2002-01-12,0.0,103.0,Gerry
1964,2006-10-05,0.0,84.0,A Friend of Mine
1968,1997-02-14,2.9481428E7,109.0,Fools Rush In
1994,1932-09-16,0.0,63.0,The Most Dangerous Game
1997,2004-04-07,6.217205E7,109.0,Two Brothers
2000,1972-12-29,0.0,93.0,Aguirre: The Wrath of God
2003,2004-01-28,0.0,88.0,Anatomy of Hell
2005,1992-05-28,2.3160515E8,100.0,Sister Act
2006,1958-12-25,0.0,106.0,Bell_ Book and Candle
2010,2007-05-24,0.0,97.0,The Mourning Forest
2011,2007-05-23,0.0,95.0,Persepolis
2012,2007-10-02,0.0,142.0,Silent Light
2018,2001-01-26,9.4728529E7,103.0,The Wedding Planner
2019,1993-08-20,7.4189677E7,97.0,Hard Target
2020,1999-11-05,3.6911617E7,101.0,The Bachelor
2054,1995-12-29,1.06269971E8,137.0,Mr. Holland"s Opus
2058,1997-05-23,3.4673095E7,100.0,Addicted to Love
2064,1995-04-21,1.82057016E8,103.0,While You Were Sleeping
2100,2001-10-19,2.7642707E7,131.0,The Last Castle
2115,1987-02-06,0.0,107.0,Light of Day
2124,1994-08-19,1.972605E7,121.0,Color of Night
2133,2000-03-15,3.25756637E8,130.0,The Perfect Storm
2134,1960-08-17,0.0,103.0,The Time Machine
2140,2001-07-06,6.4437847E7,98.0,Kiss of the Dragon
2160,1961-07-12,7000000.0,105.0,Voyage to the Bottom of the Sea
2161,1966-08-24,1.2E7,100.0,Fantastic Voyage
2186,1978-11-23,0.0,32.0,Within the Woods
2232,1973-03-14,0.0,105.0,The Legend of Paul and Paula
2268,2007-12-04,3.72234864E8,113.0,The Golden Compass
2269,2006-01-01,3.8862717E7,132.0,Day Watch
2282,1983-11-16,0.0,102.0,? nos amours
2288,2004-12-01,1.15505027E8,104.0,Closer
2289,2003-12-24,1.73013509E8,154.0,Cold Mountain
2291,1990-11-02,2.5965144E7,113.0,Jacob"s Ladder
2302,1990-10-05,0.0,126.0,Avalon
2313,2005-09-21,0.0,102.0,Prime
2321,1988-08-19,2.1486757E7,104.0,Married to the Mob
2324,2006-09-19,32788.0,107.0,Local Color
2333,2008-12-25,0.0,151.0,Buddenbrooks
2334,2003-01-29,6.5497208E7,82.0,Taxi 3
2357,2006-09-11,580527.0,81.0,10 Items or Less
2360,2000-01-24,2.6330482E7,93.0,Saving Grace
2371,1980-06-06,0.0,192.0,Teheran "43
2395,2008-01-13,1.329E8,116.0,Asterix at the Olympic Games
2428,1965-02-15,1.5473333E7,199.0,The Greatest Story Ever Told
2447,2006-12-01,0.0,101.0,The Nativity Story
2501,2002-06-14,2.14034224E8,119.0,The Bourne Identity
2502,2004-07-23,2.88500217E8,108.0,The Bourne Supremacy
2528,1991-04-03,1942423.0,136.0,Madame Bovary
2574,1958-09-05,0.0,90.0,The Lovers
2575,2001-02-11,2.8008462E7,109.0,The Tailor of Panama
2594,2002-03-06,0.0,100.0,Monsieur Batignole
2605,1986-05-09,4.0697761E7,98.0,Short Circuit
2617,1988-06-17,4.345523E7,91.0,The Great Outdoors
2640,1988-10-01,1108462.0,102.0,Heathers
2657,1998-09-17,0.0,124.0,Pleasantville
2692,2007-02-13,0.0,90.0,The Red Elvis
2699,1996-11-17,0.0,173.0,Titanic
2701,1994-04-03,0.0,175.0,Abraham
2722,2002-04-27,0.0,114.0,The Other Side of the Bed
2759,1994-05-31,1.122067E7,104.0,The Adventures of Priscilla_ Queen of the Desert
2769,1951-08-08,4500000.0,113.0,An American in Paris
2770,2001-08-10,2.87553595E8,108.0,American Pie 2
2791,2004-06-15,0.0,34.0,The Chronicles of Riddick: Dark Fury
2912,1970-02-27,0.0,90.0,The Butcher
2925,1996-09-20,1.164E8,102.0,The First Wives Club
2973,1924-09-24,0.0,120.0,Aelita: Queen of Mars
2976,2007-07-13,9.0450008E7,117.0,Hairspray
2990,1990-09-28,2.9381956E7,102.0,Pacific Heights
2993,1969-08-15,0.0,97.0,One on Top of the Other
3004,1969-10-06,0.0,94.0,Twelve Plus One
3007,1929-10-14,0.0,170.0,Woman in the Moon
3010,1963-12-12,0.0,175.0,The Cardinal
3030,1977-08-01,0.0,88.0,End of the World
3033,1998-01-21,6451628.0,105.0,Gods and Monsters
3052,1967-06-20,0.0,97.0,Don"t Make Waves
3060,1925-11-05,2.2E7,151.0,The Big Parade
3077,1939-01-13,0.0,99.0,Son of Frankenstein
3081,1958-06-24,0.0,104.0,The Goddess
3082,1936-02-05,8500000.0,87.0,Modern Times
3083,1939-10-19,9600000.0,129.0,Mr. Smith Goes to Washington
3089,1948-08-26,9012000.0,133.0,Red River
3101,1990-04-06,0.0,94.0,I Love You to Death
3104,1967-03-15,0.0,92.0,Frankenstein Created Woman
3107,1968-08-01,0.0,89.0,Destroy All Monsters
3134,2000-06-28,940944.0,77.0,Baise-moi
3160,1965-08-08,0.0,93.0,Frankenstein Conquers the World
3168,2003-08-31,0.0,107.0,Three-Step Dance
3210,1966-01-01,0.0,77.0,The Projected Man
3418,1980-01-23,0.0,130.0,Death Watch
3476,1975-02-12,0.0,109.0,That Most Important Thing: Love
3484,1932-11-05,0.0,68.0,The Mask of Fu Manchu
3489,2007-02-14,1.6930884E7,108.0,88 Minutes
3512,1995-07-13,1.04324083E8,100.0,Under Siege 2: Dark Territory
3527,2005-05-19,0.0,123.0,Don"t Come Knocking
3536,2000-04-20,1.27666415E8,116.0,U-571
3543,1987-11-12,3587303.0,95.0,Bagdad Cafe
3556,1961-05-12,0.0,88.0,Mad Dog Coll
3577,2001-01-21,0.0,150.0,The Tunnel
3578,1933-10-26,0.0,72.0,The Tunnel
3598,1937-09-01,0.0,97.0,Lost Horizon
3635,2003-08-31,3.1466789E7,101.0,Girl with a Pearl Earring
3638,2007-07-25,9.260105E7,104.0,No Reservations
3683,2006-10-18,6.5900249E7,132.0,Flags of Our Fathers
3763,1964-11-21,0.0,103.0,Onibaba
3786,1979-03-02,0.0,98.0,Buck Rogers in the 25th Century
3981,2000-12-15,3.74111707E8,127.0,What Women Want
3989,2004-10-10,5.0907422E7,98.0,Team America: World Police
4011,1988-02-29,7.3326666E7,92.0,Beetlejuice
4025,1963-12-25,0.0,134.0,The Prize
4034,1964-02-05,0.0,110.0,That Man from Rio
4148,2008-12-19,7.5225693E7,119.0,Revolutionary Road
4226,2000-10-17,0.0,86.0,Shriek If You Know What I Did Last Friday the Thirteenth
4232,1996-12-20,1.73046663E8,111.0,Scream
4235,1969-12-01,0.0,125.0,The Sicilian Clan
4247,2000-07-07,2.78019771E8,88.0,Scary Movie
4271,1988-02-03,0.0,90.0,Life Is a Long Quiet River
4344,2007-02-13,0.0,90.0,Hotel Very Welcome
4351,2006-05-18,0.0,112.0,Bordertown
4369,2000-01-01,0.0,88.0,Just a Question of Love
4380,2004-10-15,1.7012846E8,107.0,Shall We Dance?
4546,1975-01-10,0.0,119.0,The Count of Monte-Cristo
4638,2007-02-14,8.0573774E7,121.0,Hot Fuzz
4639,1987-09-25,4278150.0,95.0,Best Seller
4641,2006-07-21,0.0,90.0,Read It and Weep
4643,2006-09-28,5.5011732E7,139.0,The Guardian
4658,2007-06-17,0.0,86.0,Arctic Tale
4701,1958-02-07,0.0,115.0,A Tale of Two Cities
4723,2006-05-15,374743.0,144.0,Southland Tales
4727,1964-09-08,0.0,89.0,The Gendarme of St. Tropez
4728,1965-10-28,0.0,95.0,The Gendarme in New York
4734,1991-10-30,138000.0,158.0,Van Gogh
4816,1999-09-13,0.0,116.0,Ghost Dog: The Way of the Samurai
4823,1992-02-07,2.8590665E7,117.0,Final Analysis
4896,2004-01-28,0.0,90.0,Muxm채uschenstill
4958,2000-11-02,3.9459427E7,126.0,The Legend of Bagger Vance
4973,2000-09-11,0.0,92.0,Under the Sand
4974,2004-09-01,0.0,90.0,Five Times Two
4975,1998-09-16,0.0,90.0,Love Is the Devil: Study for a Portrait of Francis Bacon
4979,2006-02-10,0.0,88.0,Windows on Monday
4992,1969-10-08,0.0,92.0,Shark!
4995,1997-09-11,4.3101594E7,155.0,Boogie Nights
5000,1952-05-09,10188.0,86.0,Forbidden Games
5060,1966-05-20,0.0,87.0,Carry On Screaming
5066,1964-11-08,0.0,94.0,Carry On Cleo
5071,1997-08-10,0.0,102.0,The Crazy Stranger
5279,2001-11-07,8.7754044E7,137.0,Gosford Park
5319,1999-06-18,0.0,188.0,Hum Dil De Chuke Sanam
5458,2000-11-09,0.0,87.0,Cruel Intentions 2
5481,1977-08-12,0.0,95.0,Shock
5528,2004-03-17,0.0,96.0,The Chorus
5618,1975-11-19,0.0,95.0,Cousin_ Cousine
5620,1970-04-03,0.0,98.0,Count Dracula
5816,2006-09-28,0.0,95.0,Waiter
5902,1977-06-15,5.075E7,175.0,A Bridge Too Far
5956,2007-01-21,719968.0,105.0,Joshua
5968,1984-08-15,0.0,87.0,The Woman in Red
5991,1924-12-23,0.0,90.0,The Last Laugh
5995,2003-07-31,0.0,105.0,Miffo
6003,1968-04-02,3.8901218E7,138.0,Romeo and Juliet
6016,2003-04-03,0.0,108.0,The Good Thief
6037,1976-06-23,0.0,94.0,Murder by Death
6283,1997-12-19,1.22417389E8,98.0,MouseHunt
6373,1998-05-08,0.0,88.0,The Very Thought of You
6440,2001-12-18,0.0,111.0,The Shipping News
6537,2007-08-27,4.4E7,105.0,The Orphanage
6547,1992-03-12,0.0,115.0,Schtonk!
6552,1999-04-30,4152230.0,92.0,Idle Hands
6593,1993-12-11,0.0,108.0,Godzilla vs. Mechagodzilla II
6620,1954-09-28,1.0E7,113.0,Sabrina
6641,2006-09-09,0.0,91.0,Love and Other Disasters
6934,2004-09-03,0.0,96.0,Yesterday
6936,2007-08-26,0.0,90.0,Ben X
6947,2004-07-30,2.5669752E8,108.0,The Village
6957,2005-08-11,1.09449237E8,116.0,The 40 Year Old Virgin
6961,2005-02-04,4.7175038E7,88.0,The Wedding Date
6978,1986-05-30,1.1E7,99.0,Big Trouble in Little China
7008,1975-02-01,0.0,105.0,The Wilby Conspiracy
7010,1978-07-05,0.0,134.0,The Wild Geese
7090,2002-08-31,447741.0,97.0,Ken Park
7346,2008-06-04,0.0,87.0,Sparrow
7348,1964-06-01,0.0,110.0,Robinson Crusoe on Mars
7445,2009-01-27,4.3318349E7,104.0,Brothers
7451,2002-08-09,2.77448382E8,124.0,xXx
7484,2006-09-29,1.97309027E8,83.0,Open Season
8011,1994-11-29,3.68E7,99.0,Highlander: The Final Dimension
8366,2001-07-11,0.0,87.0,Manitou"s Shoe
8368,2008-01-01,0.0,111.0,The Garden of Eden
8464,1999-09-11,0.0,99.0,Top of the Food Chain
8645,2008-06-11,1.63403799E8,91.0,The Happening
8665,2002-07-19,3.5168966E7,138.0,K-19: The Widowmaker
8874,1997-06-19,2.99288605E8,105.0,My Best Friend"s Wedding
8914,1999-07-28,7.3648228E7,105.0,Deep Blue Sea
8930,2008-10-27,0.0,88.0,Modern Life
8948,2009-01-08,0.0,103.0,The Pearl Color
8961,2003-07-18,2.73339556E8,147.0,Bad Boys II
8970,1999-04-02,2.9E7,90.0,The Out-of-Towners
8974,1953-08-13,2000000.0,85.0,The War of the Worlds
8984,1994-12-09,2.14015089E8,123.0,Disclosure
26131,2003-02-09,0.0,100.0,Straight From the Heart
26152,2009-04-08,0.0,98.0,Erreur de la banque en votre faveur
26587,2009-07-14,0.0,108.0,Dread
26810,2004-05-14,0.0,89.0,A Common Thread
30707,1983-11-11,6472990.0,103.0,Star 80
30810,1964-02-06,0.0,70.0,Olga"s House of Shame
31685,1939-12-29,0.0,116.0,The Hunchback of Notre Dame
31696,1991-04-26,1.5429177E7,95.0,A Kiss Before Dying
33166,1969-11-06,0.0,101.0,Downhill Racer
34334,1992-12-17,0.0,89.0,That Night
35957,1950-11-03,0.0,75.0,Dial 1119
36529,1990-08-07,0.0,96.0,Metamorphosis
40815,1997-12-03,0.0,128.0,On Guard
42718,1966-03-12,0.0,128.0,The Pornographers
44004,1980-02-08,1.5934737E7,98.0,Hero at Large
44555,2009-12-11,0.0,95.0,A Woman_ a Gun and a Noodle Shop
45186,1974-09-19,0.0,83.0,Big Bad Mama
45722,2008-03-07,0.0,80.0,Don"t Look Down
46578,1979-09-01,0.0,87.0,Cheerleaders" Wild Weekend
46972,1992-05-08,0.0,96.0,Big Girls Don"t Cry... They Get Even
46976,1987-07-24,0.0,92.0,Wish You Were Here
47610,2010-03-24,0.0,97.0,Gravity
48385,1956-03-24,0.0,72.0,Indestructible Man
48780,2007-01-30,0.0,8.0,Boat
51540,2011-07-08,1.17E8,98.0,Horrible Bosses
54001,1974-01-01,0.0,83.0,The Traveler
54272,1964-12-30,0.0,86.0,Adventures of Zat척ichi
54503,1979-01-01,0.0,87.0,The Mystery of Chess Boxing
55765,2006-10-19,0.0,126.0,Righteous Ties
59126,2007-12-07,0.0,87.0,The Holy Modal Rounders: Bound to Lose
63859,1970-05-03,0.0,94.0,Pufnstuf
65642,1936-10-02,0.0,81.0,The Story of a Cheat
67087,1983-03-04,0.0,89.0,Curtains
68954,2000-01-13,0.0,198.0,Longitude
69526,1969-03-09,0.0,110.0,The Assassination Bureau
70862,2010-03-13,0.0,80.0,American Grindhouse
71282,1935-08-16,0.0,87.0,China Seas
74458,2011-09-09,1.805E7,139.0,Mere Brother Ki Dulhan
77561,2011-10-28,0.0,94.0,EVA
81229,2002-01-01,0.0,90.0,Hacker
81782,2000-11-09,0.0,0.0,Kurukshetra
81847,1930-08-20,0.0,108.0,The Dawn Patrol
83613,1989-02-03,0.0,91.0,Hellgate
83827,2004-10-21,0.0,94.0,In the Darkness of the Night
84152,1993-10-13,0.0,64.0,Dollman vs. Demonic Toys
84954,1926-03-24,0.0,97.0,Secrets of a Soul
85414,2012-03-22,0.0,92.0,Brake
86190,1976-04-30,0.0,89.0,Adventures Of A Taxi Driver
86332,1978-04-07,0.0,84.0,The Redeemer: Son of Satan!
88744,2010-01-09,0.0,93.0,The Woman with the 5 Elephants
88950,1974-06-01,0.0,88.0,"Gator Bait
89337,1991-05-27,0.0,84.0,Blood Ties
89492,2012-12-20,8.8058786E7,134.0,This Is 40
90603,2012-09-07,0.0,88.0,Beauty Is Embarrassing
93840,2012-03-06,0.0,94.0,Blind Man
94478,2011-09-16,0.0,80.0,You Instead
94959,1949-06-02,0.0,112.0,Edward_ My Son
98122,1988-05-06,0.0,145.0,Veerana
100032,1990-11-11,0.0,180.0,The Great Los Angeles Earthquake
101362,1966-07-20,0.0,95.0,A Cure for Love
104211,1933-09-15,0.0,84.0,Berkeley Square
104241,1970-09-26,0.0,118.0,Heroic Purgatory
107406,1980-02-14,0.0,84.0,Oscenit횪
110553,2011-10-22,0.0,100.0,Austin High
111443,2012-11-23,0.0,95.0,The End
111759,1925-06-15,0.0,111.0,Don Q Son of Zorro
122924,2012-08-21,0.0,91.0,One in the Chamber
130452,1938-06-11,0.0,97.0,Gold Diggers in Paris
132961,1988-05-08,0.0,100.0,The Caine Mutiny Court-Martial
134368,1998-10-09,0.0,90.0,One Tough Cop
140174,2012-10-27,0.0,90.0,Rise of the Zombies
142507,2011-01-01,0.0,90.0,Exit
158238,2013-01-18,0.0,90.0,Stolen Seas
337,2003-12-03,1.1576431E7,94.0,Monsieur Ibrahim
4772,1966-02-01,0.0,113.0,Cul-de-sac
194,2001-04-25,1.73921954E8,122.0,Am챕lie
348,1979-05-25,1.04931801E8,117.0,Alien
482,1971-07-02,1.2121618E7,100.0,Shaft
492,1999-09-30,2.2863596E7,112.0,Being John Malkovich
714,1997-12-11,3.33011068E8,119.0,Tomorrow Never Dies
928,1990-06-15,4.1482207E7,106.0,Gremlins 2: The New Batch
942,1989-07-07,2.27853986E8,114.0,Lethal Weapon 2
965,1942-07-10,0.0,88.0,The Magnificent Ambersons
1245,1993-11-05,2.3237911E7,134.0,The Remains of the Day
1255,2006-07-27,8.8489643E7,119.0,The Host
1411,1991-10-04,1277401.0,100.0,The Rapture
1627,1970-02-26,0.0,83.0,The Wild Child
1809,2002-10-11,0.0,110.0,The Rules of Attraction
2021,1995-06-02,218626.0,110.0,Jack & Sarah
2023,2004-03-05,1.0810345E8,136.0,Hidalgo
2067,2000-03-10,6.0874615E7,114.0,Mission to Mars
2110,2001-10-31,0.0,94.0,Wasabi
2117,2005-02-13,0.0,117.0,Sophie Scholl: The Final Days
2118,1997-09-19,1.2621694E8,138.0,L.A. Confidential
2204,1974-05-17,0.0,110.0,Alice in the Cities
2892,1995-09-09,0.0,105.0,Angel Baby
4437,1984-12-06,4.0400657E7,116.0,2010
4552,2003-06-13,0.0,115.0,A Tale of Two Sisters
5062,1981-09-21,0.0,88.0,The Inquisitor
5072,2006-05-19,0.0,96.0,Severance
5137,2004-09-17,5.7958696E7,107.0,Sky Captain and the World of Tomorrow
5608,1966-12-13,0.0,91.0,The Nibelungs_ Tale 1: Siegfried
5686,1983-04-21,0.0,86.0,A Night in Heaven
5881,2006-11-08,0.0,92.0,Twice Upon a Time
6538,2007-12-19,1.1900041E8,102.0,Charlie Wilson"s War
6643,1960-01-01,0.0,125.0,The Unforgiven
8195,1998-09-25,4.1610884E7,122.0,Ronin
8690,1980-03-19,0.0,92.0,Eaten Alive!
8973,1995-08-25,0.0,119.0,Lord of Illusions
8983,1994-11-03,0.0,82.0,Felidae
27317,2009-08-25,0.0,63.0,Patton Oswalt: My Weakness Is Strong
27721,2007-01-01,0.0,95.0,In Bar
27834,2001-05-12,0.0,88.0,CQ
31410,1985-08-01,0.0,98.0,My Sweet Little Village
31952,1970-10-04,0.0,91.0,The Vampire Lovers
18,1997-05-07,2.6392018E8,126.0,The Fifth Element
74,2005-06-28,5.91739379E8,116.0,War of the Worlds
76,1995-01-27,5535405.0,105.0,Before Sunrise
79,2002-12-19,1.77394432E8,99.0,Hero
81,1984-03-11,3301446.0,117.0,Nausica채 of the Valley of the Wind
85,1981-06-12,3.89925971E8,115.0,Raiders of the Lost Ark
86,2006-02-10,0.0,105.0,The Elementary Particles
92,1998-08-12,0.0,94.0,Megacities
100,1998-03-05,3897569.0,105.0,Lock_ Stock and Two Smoking Barrels
140,2004-03-19,4.0266982E7,106.0,Bad Education
141,2001-01-18,1270522.0,113.0,Donnie Darko
640,2002-12-25,3.52114312E8,141.0,Catch Me If You Can
653,1922-03-15,0.0,94.0,Nosferatu
707,1985-05-24,1.5242796E8,131.0,A View to a Kill
765,1987-03-13,5923044.0,84.0,Evil Dead II
805,1968-06-12,3.3395426E7,136.0,Rosemary"s Baby
818,2002-07-26,2.96655431E8,94.0,Austin Powers in Goldmember
849,1983-07-29,1.651946E7,117.0,Krull
880,1995-09-12,0.0,102.0,Antonia"s Line
3,1986-10-16,0.0,76.0,Shadows in Paradise
35,2007-07-25,5.27068851E8,87.0,The Simpsons Movie
58,2006-06-20,1.065659812E9,151.0,Pirates of the Caribbean: Dead Man"s Chest
63,1995-12-29,1.6884E8,129.0,Twelve Monkeys
64,2002-03-14,5.100155E7,112.0,Talk to Her
89,1989-05-24,4.74171806E8,127.0,Indiana Jones and the Last Crusade
97,1982-07-09,3.3E7,96.0,Tron
105,1985-07-03,3.81109762E8,116.0,Back to the Future
122,2003-12-01,1.118888979E9,201.0,The Lord of the Rings: The Return of the King
154,1982-06-03,9.68E7,113.0,Star Trek II: The Wrath of Khan
159,1994-10-05,0.0,90.0,Maybe... Maybe Not
166,1980-01-01,0.0,110.0,The Party
177,1991-09-09,4.1895491E7,137.0,The Fisher King
179,2005-04-08,1.62944923E8,128.0,The Interpreter
206,2003-01-01,0.0,89.0,Paradise Found
229,1935-04-21,0.0,75.0,Bride of Frankenstein
249,1989-12-08,0.0,116.0,The War of the Roses
262,1982-12-18,0.0,109.0,The King of Comedy
269,1960-03-16,0.0,90.0,Breathless
276,2004-10-25,0.0,127.0,The Edukators
281,1995-10-13,7959291.0,145.0,Strange Days
326,2006-08-06,6.2022014E7,105.0,Snakes on a Plane
332,1999-07-23,0.0,78.0,Inspector Gadget
333,2002-01-01,0.0,101.0,Bollywood/Hollywood
334,1999-12-08,4.8451803E7,188.0,Magnolia
340,2005-09-16,2697930.0,106.0,Everything is Illuminated
346,1954-04-26,271841.0,207.0,Seven Samurai
379,1990-09-21,5080409.0,115.0,Miller"s Crossing
383,1986-02-05,0.0,78.0,Mala Noche
407,1998-10-15,0.0,93.0,Short Sharp Shock
423,2002-09-24,1.20072577E8,150.0,The Pianist
428,2006-10-11,0.0,97.0,Summer "04
445,2005-05-02,3.6E7,117.0,Cach챕
451,1995-10-27,4.98E7,112.0,Leaving Las Vegas
464,2004-09-03,0.0,132.0,As It Is in Heaven
465,1988-03-03,0.0,88.0,Junior Size 36
475,1967-07-18,5.07E7,111.0,Bonnie and Clyde
479,2000-06-15,1.07196498E8,99.0,Shaft
493,1972-06-08,1.0E7,104.0,Shaft"s Big Score!
501,2005-08-12,0.0,103.0,Grizzly Man
504,2003-11-16,6.0378584E7,110.0,Monster
507,1993-10-01,418961.0,96.0,Killing Zoe
513,1996-09-06,501533.0,108.0,Fire
522,1994-09-27,5887457.0,127.0,Ed Wood
534,2009-05-20,3.71353001E8,115.0,Terminator Salvation
547,1998-05-14,1.86883563E8,170.0,The Horse Whisperer
580,1987-07-17,5.1881013E7,89.0,Jaws: The Revenge
596,1940-03-15,0.0,129.0,The Grapes of Wrath
599,1950-08-10,5000000.0,110.0,Sunset Boulevard
612,2005-12-22,1.30358911E8,164.0,Munich
662,1962-02-16,0.0,28.0,La Jet챕e
703,1977-04-19,3.8251425E7,93.0,Annie Hall
891,1976-04-04,7.06E7,138.0,All the President"s Men
898,1962-07-03,3100000.0,147.0,Birdman of Alcatraz
902,1995-05-16,1738611.0,108.0,The City of Lost Children
917,1957-02-13,0.0,172.0,Mother India
929,1998-05-20,3.79014294E8,139.0,Godzilla
940,1938-07-26,0.0,96.0,The Lady Vanishes
950,2006-03-23,6.6094078E8,91.0,Ice Age: The Meltdown
951,1990-12-21,2.01957688E8,111.0,Kindergarten Cop
954,1996-05-22,4.57696359E8,110.0,Mission: Impossible
955,2000-05-24,5.46388105E8,123.0,Mission: Impossible II
966,1960-10-22,4905000.0,128.0,The Magnificent Seven
968,1975-08-11,4.6665856E7,125.0,Dog Day Afternoon
982,1962-10-24,9.610591E7,126.0,The Manchurian Candidate
1023,2005-04-15,0.0,94.0,Adam"s Apples
1090,1999-04-16,1.8564088E7,100.0,The Thirteenth Floor
1091,1982-06-25,1.962976E7,109.0,The Thing
1103,1981-05-22,5.02447E7,99.0,Escape from New York
1124,2006-10-19,1.09676311E8,130.0,The Prestige
1126,2004-06-11,0.0,126.0,In My Father"s Den
1253,2006-12-15,8974829.0,129.0,Breaking and Entering
1257,2007-02-02,6.948549E7,102.0,Because I Said So
1268,2007-03-22,2.29736344E8,90.0,Mr. Bean"s Holiday
1269,2007-03-10,0.0,98.0,The Vexxer
1278,2003-09-01,1.5121165E7,115.0,The Dreamers
1282,2001-01-18,0.0,91.0,Dogtown and Z-Boys
1285,2005-09-30,0.0,91.0,Torrente 3 The Protector
1372,2006-12-07,1.70877916E8,143.0,Blood Diamond
1373,2001-10-01,0.0,127.0,The Discovery of Heaven
1375,1990-10-18,1.19946358E8,104.0,Rocky V
1376,2002-05-21,0.0,106.0,Sweet Sixteen
1381,2006-09-06,1.530489E7,96.0,The Fountain
1382,2005-06-17,0.0,90.0,Me and You and Everyone We Know
1389,1998-06-26,7.7745568E7,123.0,Out of Sight
1441,2006-04-05,5549200.0,96.0,The Contract
4970,2003-11-21,1.41591324E8,98.0,Gothika
207,1989-06-02,2.35860116E8,129.0,Dead Poets Society
671,2001-11-16,9.7647555E8,152.0,Harry Potter and the Philosopher"s Stone
905,1929-01-30,0.0,109.0,Pandora"s Box
1907,2000-02-11,1.44056873E8,119.0,The Beach
2013,2007-05-22,1.9777647E7,112.0,The Diving Bell and the Butterfly
2690,1963-06-04,0.0,135.0,Irma la Douce
5747,1967-07-01,0.0,70.0,Common Law Cabin
26111,1987-09-05,0.0,89.0,More About the Children of Noisy Village
31116,1971-01-01,0.0,100.0,Zaat
47721,1953-09-14,0.0,93.0,Sawdust and Tinsel
393,2004-04-16,1.52159461E8,136.0,Kill Bill: Vol. 2
553,2003-05-19,1.6680836E7,178.0,Dogville
918,1987-03-27,3.9321715E7,95.0,Blind Date
921,2005-06-02,1.08539911E8,144.0,Cinderella Man
948,1978-10-25,7.0E7,91.0,Halloween
1125,2006-12-25,1.5493768E8,134.0,Dreamgirls
1427,2006-09-13,1.32180323E8,147.0,Perfume: The Story of a Murderer
158,1997-02-20,0.0,87.0,Knockin" on Heaven"s Door
173,1954-12-23,2.82E7,127.0,20_000 Leagues Under the Sea
315,1965-08-06,0.0,83.0,Faster_ Pussycat! Kill! Kill!
1641,1999-03-12,9.388818E7,105.0,Forces of Nature
2459,1976-09-22,0.0,105.0,An Elephant Can Be Extremely Deceptive
2616,1989-08-16,7.9258538E7,100.0,Uncle Buck
4105,1989-09-22,4.5892212E7,125.0,Black Rain
7454,2001-09-14,0.0,95.0,The Bunker
30793,1945-12-06,0.0,67.0,House of Dracula
31184,2008-12-03,0.0,103.0,The Accidental Gangster and the Mistaken Courtesean
20,2003-03-07,9726954.0,106.0,My Life Without Me
24,2003-10-10,1.80949E8,111.0,Kill Bill: Vol. 1
224,1977-02-25,0.0,165.0,Man of Marble
236,1994-09-29,1.5119639E7,106.0,Muriel"s Wedding
425,2002-03-10,3.83257136E8,81.0,Ice Age
532,1995-12-24,0.0,30.0,A Close Shave
605,2003-11-05,4.24988211E8,129.0,The Matrix Revolutions
668,1969-12-12,8.1974493E7,142.0,On Her Majesty"s Secret Service
670,2003-01-01,1.4980005E7,120.0,Oldboy
841,1984-12-14,3.092569E7,137.0,Dune
900,1938-02-18,0.0,102.0,Bringing Up Baby
949,1995-12-15,1.87436818E8,170.0,Heat
1277,1999-10-21,585604.0,112.0,Gloomy Sunday
1835,1975-08-08,2000000.0,95.0,Farewell_ My Lovely
1873,1995-05-24,0.0,100.0,Beyond Rangoon
1900,2000-12-27,2.07515725E8,147.0,Traffic
1927,2003-06-19,2.4536048E8,138.0,Hulk
1931,2007-05-16,7.5511123E7,114.0,Stomp the Yard
1941,1960-03-27,2.175E7,208.0,Exodus
1944,2004-07-18,0.0,111.0,The Door in the Floor
1946,1999-04-14,2856712.0,97.0,eXistenZ
1947,2005-09-09,1.8618284E7,108.0,An Unfinished Life
1949,2007-03-02,8.4785914E7,157.0,Zodiac
1951,2005-05-16,674918.0,139.0,Manderlay
1957,2002-05-24,5.1801187E7,114.0,Enough
1958,2002-01-08,0.0,111.0,8 Women
1959,1998-01-23,0.0,113.0,Swept from the Sea
2002,2007-05-30,0.0,104.0,The Last Mistress
2022,2002-06-28,1.71269535E8,96.0,Mr. Deeds
2132,2001-01-01,0.0,94.0,Totally Blonde
2143,1996-09-20,0.0,125.0,Carla"s Song
2176,2001-09-14,2.3619609E7,106.0,The Glass House
2721,1969-02-26,83305.0,127.0,Z
2728,2007-08-11,0.0,100.0,Postal
2731,1992-04-15,0.0,148.0,Indochine
3053,1967-02-01,0.0,108.0,The Fearless Vampire Killers
3088,1946-12-03,0.0,97.0,My Darling Clementine
3159,1974-02-19,0.0,90.0,Frankenstein"s Castle of Freaks
3405,1968-02-02,0.0,88.0,Anyone Can Play
3681,1965-06-22,0.0,108.0,What"s New Pussycat?
4267,1978-01-11,0.0,108.0,Get Out Your Handkerchiefs
4564,2008-05-12,4.15252786E8,145.0,Sex and the City
4857,1968-08-14,0.0,115.0,Farewell_ Friend
4967,2000-04-14,3.7036004E7,127.0,Keeping the Faith
4978,1986-11-21,8.4542002E7,80.0,An American Tail
5147,1968-06-19,0.0,97.0,The Lost Continent
5177,2005-05-13,0.0,100.0,Dark Horse
5470,1999-04-01,1531251.0,95.0,Beowulf
5971,1989-12-15,0.0,106.0,We"re No Angels
6404,1979-04-11,0.0,107.0,Nosferatu the Vampyre
6415,1999-09-27,1.08E8,114.0,Three Kings
6591,1972-03-09,0.0,103.0,What Have You Done to Solange?
7088,2005-12-14,0.0,136.0,Christmas in Boston
7234,1985-10-01,0.0,79.0,Wizards of the Lost Kingdom
7347,2007-10-12,0.0,115.0,Elite Squad
7942,2007-09-06,3.3E7,100.0,Run_ Fatboy_ Run
8338,2008-05-14,1.9844979E7,121.0,Blindness
8656,1998-05-08,1.40464664E8,120.0,Deep Impact
8873,1993-12-10,4.7965E7,95.0,Wayne"s World 2
8966,2008-11-20,3.92616625E8,122.0,Twilight
25753,2001-10-09,0.0,82.0,Children of the Corn: Revelation
25769,2009-09-04,5802422.0,84.0,Carriers
26242,1952-08-12,0.0,83.0,Park Row
31658,1967-11-01,0.0,100.0,Hour of the Gun
34326,1973-01-13,0.0,99.0,The Yakuza Papers_ Vol. 1: Battles Without Honor and Humanity
37736,2004-05-13,0.0,87.0,Take Out
39183,2006-01-01,0.0,97.0,Once in a Lifetime: The Extraordinary Story of the New York Cosmos
39231,1964-01-29,0.0,120.0,Man"s Favorite Sport?
40629,1987-01-01,0.0,130.0,The Mikado
40819,2009-01-01,0.0,93.0,Best Worst Movie
41569,2004-03-23,0.0,98.0,The Nomi Song
41571,2000-09-07,0.0,6.0,The Heart of the World
41863,2007-11-20,0.0,0.0,Sundome
42418,2003-12-25,0.0,49.0,Young Black Stallion
42734,1965-01-01,0.0,100.0,Dear Brigitte
78,1982-06-25,3.3139618E7,117.0,Blade Runner
842,2004-05-17,3537961.0,95.0,The Assassination of Richard Nixon
69,2005-09-13,1.86438883E8,136.0,Walk the Line
1687,1971-05-20,1.2348905E7,98.0,Escape from the Planet of the Apes
27376,1964-03-25,0.0,94.0,Muscle Beach Party
37731,1995-02-03,0.0,99.0,J철nssonligans st철rsta kupp
49530,2011-10-27,1.73930596E8,109.0,In Time
53129,2005-02-22,0.0,130.0,The Turkish Gambit
55167,1969-10-03,0.0,98.0,Sixtynine
59387,2002-07-03,1.1411644E7,77.0,The Powerpuff Girls Movie
73,1998-10-30,2.3875127E7,119.0,American History X
1892,1983-05-23,5.727E8,135.0,Return of the Jedi
1366,1976-11-21,1.17235147E8,119.0,Rocky
2109,1998-09-18,2.44386864E8,98.0,Rush Hour
2202,1943-10-07,0.0,88.0,Lassie Come Home
2300,1996-11-15,2.502E8,88.0,Space Jam
2470,1992-12-04,0.0,109.0,Belle 횋poque
2662,2003-04-11,1.6829545E7,89.0,House of 1000 Corpses
5065,1966-03-01,0.0,93.0,Carry On Cowboy
118,2005-07-13,4.74968763E8,115.0,Charlie and the Chocolate Factory
203,1973-10-02,3000000.0,110.0,Mean Streets
227,1983-03-25,3.3697647E7,91.0,The Outsiders
228,1930-03-31,0.0,108.0,The Blue Angel
254,2005-12-14,5.5E8,187.0,King Kong
424,1993-11-29,3.21365567E8,195.0,Schindler"s List
426,1958-05-09,2.8E7,128.0,Vertigo
459,1957-12-18,0.0,109.0,Sissi: The Fateful Years of an Empress
523,2006-03-02,0.0,92.0,Requiem
581,1990-11-09,4.24208848E8,181.0,Dances with Wolves
767,2009-07-07,9.33959197E8,153.0,Harry Potter and the Half-Blood Prince
782,1997-09-07,1.2532777E7,106.0,Gattaca
806,2006-06-06,1.19188334E8,110.0,The Omen
869,2001-07-25,3.6221174E8,119.0,Planet of the Apes
947,1962-12-10,6.9995385E7,216.0,Lawrence of Arabia
996,1944-04-24,2500000.0,107.0,Double Indemnity
1018,2001-05-16,2.0117339E7,147.0,Mulholland Drive
1114,2003-06-29,0.0,91.0,The Weeping Camel
1422,2006-10-05,2.89847354E8,151.0,The Departed
1440,2006-10-06,1.4821658E7,136.0,Little Children
1488,2005-06-11,0.0,102.0,Mongolian Ping Pong
1523,2006-09-01,4.802797E7,121.0,The Last King of Scotland
1566,1959-10-21,0.0,103.0,The Bridge
1588,2000-08-25,9.0449929E7,98.0,Bring It On
1598,1991-11-15,1.823E8,128.0,Cape Fear
1620,2007-11-21,9.9965753E7,89.0,Hitman
1624,1997-03-21,3.02710615E8,86.0,Liar Liar
1672,1981-10-21,0.0,108.0,The Professional
1686,1966-09-15,0.0,210.0,Chelsea Girls
1701,1997-06-01,2.24012234E8,115.0,Con Air
1726,2008-04-30,5.85174222E8,126.0,Iron Man
1783,2001-09-02,0.0,108.0,To End All Wars
1785,1990-01-24,0.0,107.0,May Fools
1791,2001-05-14,9801375.0,131.0,The Piano Teacher
1965,1998-06-05,1.28038368E8,107.0,A Perfect Murder
2001,2007-05-25,5.4926886E7,117.0,We Own the Night
2009,2007-08-24,1185783.0,113.0,4 Months_ 3 Weeks and 2 Days
2024,2000-06-28,2.15294342E8,165.0,The Patriot
2078,1916-10-02,0.0,32.0,The Pawnshop
2082,2007-08-31,8.0253908E7,109.0,Halloween
2088,1993-09-13,3275585.0,100.0,Romeo Is Bleeding
2094,1964-11-11,3000000.0,101.0,Roustabout
2112,1999-02-05,1.61626121E8,100.0,Payback
2114,2001-07-02,8.513183E7,106.0,Final Fantasy: The Spirits Within
2116,2003-10-03,5.5495563E7,105.0,Out of Time
2122,2004-04-07,2.6155781E7,98.0,The Whole Ten Yards
2144,2001-04-19,0.0,93.0,One Night at McCool"s
2148,1984-12-14,2.5928721E7,127.0,The Cotton Club
2166,1998-06-09,0.0,86.0,The Revengers" Comedies
2252,2007-09-14,5.5112356E7,100.0,Eastern Promises
2253,2008-12-25,2.00276E8,121.0,Valkyrie
2255,1997-04-04,1.2021272E7,113.0,Chasing Amy
2263,1989-12-22,6263883.0,124.0,Music Box
2264,1981-08-20,0.0,113.0,Lola
2267,2007-02-09,2.7297451E7,94.0,The Last Mimzy
2286,2006-11-15,0.0,125.0,Crusade in Jeans
2307,1995-04-28,0.0,94.0,A Pyromaniac"s Love Story
2320,1996-03-15,1.21969216E8,133.0,Executive Decision
2433,1967-03-08,0.0,124.0,The Young Girls of Rochefort
2454,2008-05-15,4.19651413E8,150.0,The Chronicles of Narnia: Prince Caspian
2457,1945-03-15,0.0,191.0,Children of Paradise
2463,1999-09-23,0.0,93.0,Running Out of Time
2517,2004-08-07,0.0,141.0,Nobody Knows
2577,2003-09-02,0.0,92.0,Code 46
2611,1991-05-24,2.1830957E7,104.0,Only the Lonely
2639,1997-08-26,1.0686841E7,96.0,Deconstructing Harry
2642,2002-12-19,9.3354918E7,101.0,Two Weeks Notice
2687,1992-02-28,1.4358033E7,99.0,Memoirs of an Invisible Man
2749,2001-03-01,5.635998E7,120.0,15 Minutes
2750,2002-02-13,0.0,117.0,24 Hour Party People
2757,2002-12-06,3.2801173E7,114.0,Adaptation.
2787,2000-02-18,5.3187659E7,108.0,Pitch Black
2929,13,null,null,6.4
2966,1997-05-11,0.0,158.0,20_000 Leagues Under the Sea
2977,2007-03-02,3.7311672E7,120.0,Becoming Jane
2989,1981-11-12,2000000.0,102.0,Roar
3035,1931-11-21,1.2E7,71.0,Frankenstein
3063,1933-11-17,0.0,68.0,Duck Soup
3072,1990-11-02,0.0,82.0,Frankenstein Unbound
3074,1942-03-13,0.0,67.0,The Ghost of Frankenstein
3087,1942-06-06,0.0,126.0,Yankee Doodle Dandy
3102,2005-03-13,0.0,120.0,My Step Brother Frankenstein
3111,1954-09-29,0.0,181.0,A Star Is Born
3144,1999-01-01,0.0,88.0,Rock "n" Roll Frankenstein
3478,1972-12-29,0.0,235.0,Ludwig
3483,1968-08-23,0.0,92.0,The Blood of Fu Manchu
3513,1998-12-03,0.0,98.0,Legionnaire
3526,1982-12-03,5000000.0,140.0,Frances
3529,1934-05-25,1423000.0,93.0,The Thin Man
3537,1980-05-16,2.1202829E7,134.0,Fame
3549,2006-02-24,0.0,124.0,After the Wedding
3686,1964-09-17,0.0,94.0,Last of the Renegades
3701,1973-02-21,0.0,90.0,Gang War in Milan
4012,2001-01-19,416925.0,98.0,The Believer
4111,1932-09-01,0.0,91.0,Blondie of the Follies
4146,1974-01-01,0.0,90.0,The Wonderful Crook
4228,1989-10-01,0.0,320.0,The French Revolution
4326,2003-10-01,0.0,105.0,Herr Lehmann
4464,2003-07-22,1.48336445E8,141.0,Seabiscuit
4474,2006-06-20,6.0896147E7,95.0,My Super Ex-Girlfriend
4482,1995-02-08,0.0,95.0,French Twist
4486,1989-05-17,0.0,119.0,Jesus of Montreal
4488,1980-05-09,5.9754601E7,95.0,Friday the 13th
4495,1973-10-08,0.0,97.0,The Spirit of the Beehive
4498,1963-09-01,0.0,87.0,The Executioner
4499,1980-10-27,0.0,82.0,Pepi_ Luci_ Bom
4627,2008-09-07,0.0,120.0,Krabat and the Legend of the Satanic Mill
4628,1983-01-28,0.0,122.0,Enigma
4629,2007-09-20,46474.0,105.0,December Boys
4709,1952-12-17,0.0,118.0,Holiday for Henrietta
4710,1966-03-22,0.0,110.0,Masculin F챕minin
4787,2007-06-18,0.0,108.0,Cassandra"s Dream
4832,2007-08-17,0.0,95.0,The 11th Hour
4889,1967-11-02,0.0,111.0,Billion Dollar Brain
4929,1968-07-31,6800000.0,114.0,Hang "em High
4932,1967-01-01,0.0,89.0,A Guide for the Married Man
4951,1999-03-30,5.3478166E7,97.0,10 Things I Hate About You
4954,1994-12-08,0.0,101.0,Drop Zone
4960,2008-10-24,0.0,124.0,Synecdoche_ New York
5061,1966-12-10,0.0,90.0,Carry On Don"t Lose Your Head
5064,1967-12-02,0.0,90.0,Carry On Doctor
5122,1975-05-07,0.0,144.0,The Day of the Locust
5125,2007-09-07,2.474867E7,120.0,Rendition
5172,2006-10-15,1.1130889E7,104.0,The Astronaut Farmer
5187,1993-04-30,0.0,110.0,Three of Hearts
5237,1992-08-08,0.0,103.0,Dust Devil
5247,2000-02-11,0.0,117.0,Mercy
5334,1962-11-12,0.0,119.0,Billy Budd
5335,1968-09-04,0.0,98.0,Teorema
5471,2005-09-14,92076.0,103.0,Beowulf & Grendel
5506,1955-12-08,0.0,91.0,The Ladykillers
5544,1959-06-10,0.0,90.0,Hiroshima Mon Amour
5548,1987-07-17,5.3E7,102.0,RoboCop
5680,1988-09-30,5596267.0,96.0,Elvira_ Mistress of the Dark
5689,1980-07-05,5.8853106E7,104.0,The Blue Lagoon
5707,2000-12-07,0.0,88.0,Shooting War
5723,2007-03-23,2.0710513E7,85.0,Once
5729,1930-10-28,7940.0,63.0,L"횂ge d"Or
5742,1970-04-22,0.0,71.0,Cherry_ Harry & Raquel!
5854,1976-04-09,7900000.0,121.0,Family Plot
5857,2007-07-27,9620399.0,105.0,I Know Who Killed Me
5900,1996-03-21,0.0,103.0,The Dress
5923,1966-12-20,2.0E7,182.0,The Sand Pebbles
5927,1972-08-02,0.0,100.0,Junior Bonner
5961,1982-12-17,4971340.0,188.0,Fanny & Alexander
6103,1985-09-19,0.0,87.0,Thirteen at Dinner
6318,2002-03-28,0.0,106.0,Vaya con Dios
6436,1996-03-11,0.0,97.0,Star Command
6473,2005-01-01,0.0,95.0,The Marksman
88,1987-08-21,2.13954274E8,100.0,Dirty Dancing
135,1967-05-17,0.0,96.0,Dont Look Back
26701,1946-09-25,0.0,125.0,Humoresque
28,1979-08-15,8.9460381E7,153.0,Apocalypse Now
117,1987-06-02,7.6270454E7,119.0,The Untouchables
147,1959-05-04,0.0,99.0,The 400 Blows
280,1991-07-01,5.2E8,137.0,Terminator 2: Judgment Day
303,1946-08-15,2.4464742E7,102.0,Notorious
506,1964-07-09,7000000.0,130.0,Marnie
766,1992-10-09,0.0,81.0,Army of Darkness
927,1984-06-07,1.53083102E8,106.0,Gremlins
1273,2007-03-23,9.5608995E7,90.0,TMNT
1279,2004-02-10,0.0,95.0,Samaritan Girl
1420,2005-09-03,0.0,128.0,Breakfast on Pluto
1535,2001-11-18,1.4304956E8,126.0,Spy Game
1554,1986-05-01,0.0,107.0,Down by Law
1594,1964-06-23,1.2368234E7,102.0,A Shot in the Dark
1648,1989-02-17,4.0485039E7,90.0,Bill & Ted"s Excellent Adventure
1734,2001-04-28,4.33013274E8,130.0,The Mummy Returns
1788,1984-02-17,8.0035402E7,107.0,Footloose
1841,1947-01-23,0.0,105.0,Lady in the Lake
1888,1966-10-19,0.0,125.0,The Fortune Cookie
1924,1978-12-13,3.00218018E8,143.0,Superman
1939,1944-10-11,2000000.0,88.0,Laura
1966,2004-11-21,1.67298192E8,175.0,Alexander
1969,2006-01-18,1.0496317E7,93.0,Bandidas
1987,1993-04-14,0.0,105.0,Benny"s Video
1999,2001-11-23,0.0,130.0,In the Bedroom
2014,2007-09-27,1.7804565E7,122.0,The Edge of Heaven
2043,2001-04-06,1.05178561E8,104.0,Along Came a Spider
2069,2000-02-18,1.06371651E8,98.0,The Whole Nine Yards
2075,1985-06-14,2.6657534E7,124.0,Prizzi"s Honor
2080,2009-04-28,3.73062864E8,107.0,X-Men Origins: Wolverine
2085,2000-03-20,9.103676E7,115.0,Romeo Must Die
2087,1994-02-11,30.0,115.0,The Getaway
2097,1967-04-01,0.0,90.0,Gappa_ the Triphibian Monster
2099,1986-06-06,1.6209459E7,106.0,Raw Deal
2107,1991-02-08,0.0,95.0,L.A. Story
2135,2002-03-04,1.23729176E8,96.0,The Time Machine
2163,1997-05-02,5.0159144E7,95.0,Breakdown
2290,1999-09-16,0.0,120.0,Jakob the Liar
2312,2007-11-29,0.0,127.0,In the Name of the King: A Dungeon Siege Tale
2362,1973-10-22,0.0,88.0,Westworld
2397,1998-01-01,0.0,90.0,Fallout
2453,1991-08-23,7434726.0,98.0,Harley Davidson and the Marlboro Man
2527,1969-09-04,0.0,113.0,This Man Must Die
2734,1997-03-23,0.0,190.0,David
2764,1997-05-01,0.0,115.0,All Stars
2779,2001-08-05,0.0,103.0,The Curse of the Jade Scorpion
3011,1964-07-22,0.0,130.0,Good Neighbor Sam
3022,1941-08-12,0.0,113.0,Dr. Jekyll and Mr. Hyde
3037,2007-02-14,0.0,89.0,Yella
3061,1928-02-18,0.0,104.0,The Crowd
3062,1933-02-02,2281000.0,89.0,42nd Street
3093,2006-03-29,3.8629478E7,114.0,Basic Instinct 2
3145,1970-11-08,0.0,95.0,The Horror of Frankenstein
3469,1967-01-01,0.0,166.0,Far from the Madding Crowd
3479,1975-01-01,0.0,121.0,Dirty Hands
3511,2008-01-18,0.0,93.0,The Broken
3547,1967-10-10,0.0,108.0,Reflections in a Golden Eye
3565,1928-07-01,0.0,84.0,Underground
3591,1966-12-01,0.0,100.0,One Million Years B.C.
3698,1972-02-04,0.0,98.0,Amigo_ Stay Away
71,2000-05-18,1.1E8,110.0,Billy Elliot
1599,2004-09-10,0.0,106.0,I Heart Huckabees
4475,2009-07-07,0.0,98.0,The Private Lives of Pippa Lee
8093,2006-08-31,0.0,104.0,Khadak
8371,2008-04-09,0.0,90.0,Guter Junge
42738,1973-04-10,0.0,114.0,Scorpio
47099,1998-01-01,0.0,80.0,Killer
80219,2003-04-07,0.0,104.0,Homeless to Harvard: The Liz Murray Story
84844,1968-04-02,0.0,107.0,A Dandy in Aspic
290,1991-08-01,6153939.0,116.0,Barton Fink
381,1955-08-03,8750000.0,106.0,To Catch a Thief
427,1958-05-10,0.0,110.0,Mon oncle
458,1956-12-18,0.0,107.0,Sissi: The Young Empress
688,1995-05-28,1.82016617E8,135.0,The Bridges of Madison County
1367,1979-06-15,2.0018216E8,119.0,Rocky II
1392,2004-12-08,3515061.0,85.0,Born into Brothels
1480,1958-04-23,2247465.0,95.0,Touch of Evil
1586,2004-03-12,9.2913171E7,96.0,Secret Window
1727,1990-05-18,0.0,110.0,Bird on a Wire
1846,1969-09-19,0.0,95.0,Marlowe
1913,2004-09-03,3.8535221E7,125.0,The Sea Inside
3127,1958-06-01,0.0,89.0,The Revenge of Frankenstein
3682,1998-08-28,1.6757163E7,106.0,54
3980,1986-04-11,1.3167232E7,82.0,Critters
4203,1988-03-14,7179298.0,88.0,Women on the Verge of a Nervous Breakdown
4234,2000-02-03,1.61834276E8,116.0,Scream 3
4251,2004-11-12,2.938532E7,192.0,Veer-Zaara
4479,1978-12-27,0.0,150.0,Les Mis챕rables
4558,1950-09-29,0.0,95.0,Orpheus
4837,1967-03-02,0.0,89.0,La Collectionneuse
5302,1990-05-11,1218730.0,90.0,Without You I"m Nothing
5693,1986-11-14,2.8607524E7,114.0,Hoosiers
837,1983-02-04,2120439.0,87.0,Videodrome
1992,2007-04-06,0.0,105.0,Planet Terror
5422,1980-11-18,0.0,112.0,Erotic Nights of the Living Dead
39408,1956-04-26,0.0,79.0,The Creature Walks Among Us
43919,2010-08-26,52604.0,89.0,Hatchet II
45431,1998-01-04,0.0,99.0,Devil in the Flesh
54281,1968-12-28,0.0,84.0,Samaritan Zat척ichi
132,1970-12-06,0.0,91.0,The Rolling Stones: Gimme Shelter
204,1953-04-22,0.0,147.0,The Wages of Fear
256,1962-06-22,0.0,29.0,Antoine and Colette
257,2005-09-23,4.2093706E7,130.0,Oliver Twist
327,2000-09-09,1.525E7,114.0,Brother
378,1987-03-01,2.918028E7,94.0,Raising Arizona
415,1997-06-20,2.38207122E8,125.0,Batman & Robin
489,1997-12-05,2.25933435E8,126.0,Good Will Hunting
542,2002-10-01,0.0,118.0,The Crime of Padre Amaro
548,1950-12-26,96568.0,88.0,Rashomon
761,1976-10-27,0.0,104.0,The Wing or the Thigh
783,1982-11-30,7.7737889E7,191.0,Gandhi
839,1972-10-01,0.0,74.0,Duel
932,1946-10-14,0.0,91.0,The Murderers Are Among Us
1541,1991-05-24,4.5361E7,130.0,Thelma & Louise
1593,2006-10-20,5.74480841E8,108.0,Night at the Museum
1688,1972-06-29,9700000.0,88.0,Conquest of the Planet of the Apes
1863,1970-03-14,0.0,109.0,Sunflower
1967,2006-02-02,0.0,117.0,Ask the Dust
2046,2000-12-22,1.2008642E7,111.0,The Gift
2059,2004-11-19,3.47451894E8,131.0,National Treasure
2125,1991-05-10,0.0,101.0,Wedlock
2153,1978-06-08,0.0,91.0,The Driver
2330,1998-04-04,268254.0,86.0,Taxi
5055,1958-10-03,0.0,103.0,Ashes and Diamonds
5255,2004-11-10,3.0587573E8,100.0,The Polar Express
6183,2005-03-30,0.0,110.0,Barefoot
6974,1959-11-23,0.0,83.0,The Angry Red Planet
65,2002-11-08,2.15E8,110.0,8 Mile
637,1997-12-20,2.294E8,116.0,Life Is Beautiful
711,2000-12-21,8.0049764E7,136.0,Finding Forrester
43396,1950-10-04,0.0,81.0,Union Station
1683,2007-04-05,6.2771059E7,99.0,The Reaping
2034,2001-10-05,1.04876233E8,122.0,Training Day
2139,1975-07-11,0.0,94.0,Cleopatra Jones and the Casino of Gold
2349,2004-03-04,0.0,107.0,Peas at 5:30
2613,1992-07-10,2.2697691E7,105.0,Prelude to a Kiss
3178,2000-01-29,0.0,93.0,Beat
26,2004-02-05,0.0,103.0,Walk on Water
678,1947-11-13,0.0,97.0,Out of the Past
870,2002-09-05,0.0,114.0,Dolls
881,1992-12-11,2.43240178E8,138.0,A Few Good Men
943,1992-05-15,3.21731527E8,118.0,Lethal Weapon 3
1049,1993-02-05,1.40081992E8,109.0,Sommersby
1379,2006-02-03,1615018.0,78.0,Lights in the Dusk
1429,2002-12-16,1.3060843E7,135.0,25th Hour
1587,1993-12-17,1.0032765E7,118.0,What"s Eating Gilbert Grape
1591,2001-12-11,0.0,140.0,Nowhere in Africa
1613,2001-12-07,14.0,93.0,The 51st State
1619,2000-09-08,1.9125401E7,119.0,The Way of the Gun
1646,2007-01-05,4.1170784E7,123.0,Freedom Writers
1678,1954-11-03,0.0,96.0,Godzilla
1702,1994-12-23,1422749.0,117.0,Death Machine
1713,1991-06-07,3.2482682E7,132.0,Jungle Fever
1772,1991-10-11,0.0,129.0,City of Hope
1824,2004-02-13,1.96482882E8,99.0,50 First Dates
1833,2005-11-23,3.167062E7,135.0,Rent
1848,1998-07-25,0.0,92.0,Poodle Springs
1852,2006-08-09,1.62945894E8,128.0,World Trade Center
1885,1984-06-22,9.0815558E7,126.0,The Karate Kid
1894,2002-05-15,6.49398328E8,142.0,Star Wars: Episode II - Attack of the Clones
1911,1999-08-27,6.1698899E7,102.0,The 13th Warrior
1920,1957-01-09,0.0,83.0,Crime of Passion
1948,2006-08-31,4.2931041E7,88.0,Crank
2071,1991-10-11,1.1511031E7,98.0,Shattered
2104,2001-12-28,60700.0,98.0,Requiem
2111,2002-10-09,0.0,116.0,Balzac and the Little Chinese Seamstress
2155,2000-02-25,3.216897E7,124.0,Reindeer Games
2297,1991-11-15,0.0,98.0,Kafka
2359,2007-05-18,2.4538513E7,123.0,Sicko
2440,2000-09-09,0.0,110.0,Joint Security Area
2469,1989-12-12,0.0,111.0,Tie Me Up! Tie Me Down!
2587,1972-03-03,0.0,135.0,Brother Sun_ Sister Moon
3397,2007-05-21,0.0,85.0,And Along Come Tourists
3563,2007-07-12,1.86072214E8,115.0,I Now Pronounce You Chuck & Larry
3699,1972-06-30,0.0,92.0,Seven Blood-Stained Orchids
4195,1963-01-25,0.0,115.0,Bluebeard
171,1982-12-08,0.0,109.0,The Party 2
613,2004-09-08,9.218091E7,156.0,Downfall
1976,1938-03-19,0.0,103.0,Jezebel
3016,1920-03-18,0.0,67.0,Dr. Jekyll and Mr. Hyde
546,2005-12-23,1.3350369E7,103.0,Transamerica
8981,2004-05-18,0.0,105.0,Dear Frankie
66659,1987-01-01,0.0,85.0,Equalizer 2000
421,2004-12-10,3.4808403E7,119.0,The Life Aquatic with Steve Zissou
455,2002-04-11,7.6578641E7,112.0,Bend It Like Beckham
93,1959-07-01,0.0,160.0,Anatomy of a Murder
217,2008-05-21,7.86636033E8,122.0,Indiana Jones and the Kingdom of the Crystal Skull
239,1959-03-18,2.5E7,122.0,Some Like It Hot
258,1970-08-31,0.0,100.0,Bed and Board
313,2006-02-09,1381665.0,112.0,Snow Cake
558,2004-06-25,7.83766341E8,127.0,Spider-Man 2
1487,2004-04-02,9.9318987E7,122.0,Hellboy
1667,2005-01-26,1.27392239E8,80.0,March of the Penguins
2017,2002-06-28,0.0,97.0,No Good Deed
2142,1997-08-15,4.4862187E7,104.0,Cop Land
2162,1999-09-01,1.1263966E7,101.0,Chill Factor
2620,1986-08-15,1.5945534E7,88.0,Armed and Dangerous
2978,1989-06-15,2.15394738E8,108.0,Ghostbusters II
3554,1975-10-08,0.0,109.0,Mahogany
3594,2007-02-23,7.7566815E7,101.0,The Number 23
4977,2006-10-01,944915.0,90.0,Paprika
5677,1984-11-07,0.0,77.0,Trancers
3593,1940-04-09,0.0,76.0,Dr. Cyclops
2151,2005-04-03,0.0,90.0,Man with the Screaming Brain
2788,1994-02-18,2.007985E7,99.0,Reality Bites
3034,1974-12-15,8.6273333E7,106.0,Young Frankenstein
8879,1985-06-28,4.1410568E7,115.0,Pale Rider
40959,1990-01-01,0.0,60.0,Crosby_ Stills & Nash: Long Time Comin"
41566,2005-01-01,0.0,75.0,New York Doll
4031,1974-05-12,0.0,117.0,Going Places
4964,2007-06-01,2.19076518E8,129.0,Knocked Up
8012,1995-10-20,1.15101622E8,105.0,Get Shorty
8014,2006-07-15,0.0,120.0,Valley of Flowers
27255,2008-03-25,0.0,84.0,From a Place of Darkness
39768,1966-01-01,0.0,94.0,Beware of the Car!
44694,1988-09-15,148426.0,87.0,Big Time
52885,1967-11-03,0.0,90.0,The Red and the White
57243,2010-12-20,0.0,106.0,The Women on the 6th Floor
43376,1951-02-07,0.0,115.0,Diary of a Country Priest
47423,1991-02-02,4303351.0,103.0,Once a Thief
59995,2006-07-12,0.0,88.0,Wild Tigers I Have Known
63876,1964-10-16,0.0,105.0,Circle of Love
65188,2001-11-06,0.0,72.0,Leben nach Microsoft
73290,2011-09-08,0.0,88.0,Urban Explorer
96821,2012-02-11,0.0,76.0,Caesar Must Die
103048,1998-11-27,0.0,179.0,China Gate
104374,1966-08-27,0.0,102.0,Woman of the Lake
2072,1995-09-19,0.0,99.0,Cyberjack
8810,1981-12-24,2.4600832E7,95.0,Mad Max 2: The Road Warrior
40732,1971-03-08,0.0,191.0,The Emigrants
53000,2001-08-23,0.0,96.0,Soul Assassin
53953,2006-08-08,0.0,0.0,The Tooth Fairy
27,2004-07-16,1574623.0,66.0,9 Songs
102,2002-09-06,0.0,113.0,Open Hearts
121,2002-12-18,9.262874E8,179.0,The Lord of the Rings: The Two Towers
747,2004-04-09,3.0039392E7,99.0,Shaun of the Dead
754,1997-06-27,2.45676146E8,138.0,Face/Off
6535,2007-07-13,4778376.0,118.0,Talk to Me
986,1965-12-22,0.0,115.0,Chimes at Midnight
1537,2002-04-07,9.4935764E7,89.0,Changing Lanes
89904,1995-03-09,0.0,0.0,The Demolitionist
4290,2007-07-14,0.0,91.0,Supergator
2565,1990-03-09,3.9404261E7,102.0,Joe Versus the Volcano
1984,1956-03-06,0.0,90.0,1984
2262,1982-02-08,0.0,104.0,Veronika Voss
39414,2009-06-15,0.0,110.0,Paper Man
934,1955-04-13,460226.0,122.0,Rififi
1665,2005-05-13,1928985.0,96.0,Last Days
2123,2000-06-22,1.49270999E8,116.0,Me_ Myself & Irene
53519,1920-07-11,0.0,26.0,High and Dizzy
56152,1940-09-27,0.0,114.0,Brigham Young
56949,1998-11-12,0.0,90.0,Wind with the Gone
90061,2001-01-01,0.0,0.0,American Mullet
103539,2009-06-26,0.0,84.0,Kelin
174,1991-12-05,9.69E7,113.0,Star Trek VI: The Undiscovered Country
544,1998-07-15,3.69884651E8,119.0,There"s Something About Mary
809,2004-05-19,9.19838758E8,93.0,Shrek 2
829,1974-06-20,3.0E7,130.0,Chinatown
1590,2006-09-10,0.0,104.0,Copying Beethoven
2004,2004-04-21,0.0,96.0,Kebab Connection
2335,2007-02-10,0.0,91.0,Taxi 4
2567,2004-12-17,1.02E8,170.0,The Aviator
3509,2006-05-25,7659918.0,100.0,A Scanner Darkly
6264,1997-07-24,0.0,91.0,Prince Valiant
8010,1991-01-30,1.555634E7,91.0,Highlander II: The Quickening
8968,2005-02-04,6.7192859E7,89.0,Boogeyman
27338,2001-01-22,0.0,96.0,The Pretender 2001
47491,2006-07-21,0.0,90.0,The Beales of Grey Gardens
67255,1984-06-24,0.0,102.0,The Crazy Family
760,1973-10-17,0.0,100.0,The Mad Adventures of Rabbi Jacob
1498,1990-03-30,2.02E8,93.0,Teenage Mutant Ninja Turtles
1572,1995-05-19,3.66101666E8,128.0,Die Hard: With a Vengeance
12,2003-05-30,9.40335536E8,100.0,Finding Nemo
1991,2007-05-21,2.5037897E7,113.0,Death Proof
2363,1959-03-11,0.0,112.0,Les Cousins
2383,1988-10-21,1.38241022E8,94.0,The Bear
5146,2003-05-23,2.0440627E7,98.0,The In-Laws
8985,2004-05-01,0.0,140.0,Visions of Europe
26547,1974-12-08,0.0,25.0,"Twas the Night Before Christmas
31364,2005-04-22,0.0,153.0,Waqt: The Race Against Time
32078,1950-06-12,0.0,96.0,Panic in the Streets
42632,1968-12-26,0.0,78.0,Monterey Pop
53318,1998-01-01,0.0,91.0,The Fairy King Of Ar
55721,2011-04-28,2.88383523E8,125.0,Bridesmaids
58376,2008-11-21,0.0,87.0,Presumed Guilty
62394,1997-12-25,0.0,115.0,The Education of Little Tree
80350,1995-02-14,0.0,92.0,Tough and Deadly
82667,1969-10-31,0.0,88.0,Five Bloody Graves
85510,1963-12-23,0.0,82.0,Ladybug Ladybug
86320,1984-12-03,0.0,119.0,Twenty Years Later
89774,1999-12-13,0.0,60.0,Air: Eating_ Sleeping_ Waiting and Playing
93855,2012-03-02,0.0,0.0,Posti in piedi in paradiso
60293,2006-08-21,0.0,74.0,Tom and Jerry: Shiver Me Whiskers
62956,2001-05-25,46352.0,104.0,Very Annie Mary
4327,2000-11-02,2.64105545E8,98.0,Charlie"s Angels
490,1957-02-16,0.0,96.0,The Seventh Seal
650,1991-07-12,5.7504069E7,112.0,Boyz n the Hood
92751,1976-03-18,0.0,98.0,Werewolf Woman
609,1982-06-04,1.222E8,114.0,Poltergeist
26974,1985-01-01,0.0,95.0,Pulgasari
338,2003-02-09,7.938488E7,121.0,Good bye_ Lenin!
470,2003-09-06,6.0427839E7,124.0,21 Grams
502,1964-10-07,0.0,112.0,Fail-Safe
810,2007-05-17,7.98958165E8,93.0,Shrek the Third
834,2006-01-12,1.11340801E8,106.0,Underworld: Evolution
1430,2002-10-09,3.5564473E7,120.0,Bowling for Columbine
1632,1988-12-08,3.4604E7,128.0,Mississippi Burning
1840,1947-02-06,0.0,72.0,The Brasher Doubloon
1970,2004-10-22,1.83474602E8,92.0,The Grudge
2462,1969-09-10,0.0,82.0,Hibernatus
2979,2007-01-01,0.0,85.0,Return of the Ghostbusters
4255,1970-02-10,0.0,71.0,The Party at Kitty and Stud"s
4968,2003-07-22,0.0,91.0,The Piano Player
5165,1960-05-15,0.0,143.0,L"Avventura
5562,1958-06-06,0.0,98.0,Le Beau Serge
5765,1992-01-14,0.0,116.0,Knight Moves
5955,2001-01-09,2.94E7,123.0,The Pledge
7343,2007-08-31,307076.0,106.0,City of Men
8130,1985-03-29,2.74E7,104.0,Desperately Seeking Susan
8363,2007-08-17,1.21463226E8,113.0,Superbad
8367,1991-06-14,3.90493908E8,143.0,Robin Hood: Prince of Thieves
8372,1968-12-20,0.0,109.0,Lonesome Cowboys
8832,2008-05-23,1.1260366E7,110.0,Il Divo
8835,2001-07-13,1.41774679E8,96.0,Legally Blonde
8836,2008-07-24,6.8369434E7,104.0,The X Files: I Want to Believe
8839,1995-05-26,2.87928194E8,100.0,Casper
8860,1997-01-16,3.1987563E7,117.0,Metro
8870,2000-11-10,3.3463969E7,106.0,Red Planet
8908,2008-05-20,0.0,90.0,Maradona by Kusturica
8937,2008-09-27,0.0,120.0,Tokyo Sonata
9010,2004-01-01,0.0,110.0,Silentium
31221,2008-12-01,0.0,90.0,Dragon Hunter
31445,1940-01-01,0.0,84.0,Beyond Tomorrow
575,2001-03-07,0.0,114.0,The Experiment
234,1920-02-25,0.0,78.0,The Cabinet of Dr. Caligari
255,1968-08-13,0.0,96.0,Stolen Kisses
259,1979-01-24,0.0,89.0,Love on the Run
287,1988-06-15,5.0888E7,108.0,Bull Durham
391,1964-09-12,1.45E7,99.0,A Fistful of Dollars
505,1989-09-12,7237794.0,94.0,Johnny Handsome
510,1975-11-18,1.08981275E8,133.0,One Flew Over the Cuckoo"s Nest
639,1989-07-21,9.2823546E7,96.0,When Harry Met Sally...
274,1991-02-01,2.72742922E8,119.0,The Silence of the Lambs
838,1973-08-01,1.4E8,110.0,American Graffiti
8373,2009-06-19,8.36297228E8,150.0,Transformers: Revenge of the Fallen
8643,2005-09-09,1.44216468E8,122.0,The Exorcism of Emily Rose
26198,1983-12-16,3661757.0,96.0,The Keep
31225,1990-03-13,3779620.0,71.0,Paris is Burning
42732,1965-12-24,0.0,65.0,Bad Girls Go to Hell
43936,2003-05-17,0.0,101.0,S21: The Khmer Rouge Death Machine
51935,2009-11-20,0.0,113.0,House of Boys
52458,1989-11-13,0.0,24.0,The Butter Battle Book
53121,2009-01-17,0.0,85.0,Barking Water
1542,1999-02-19,1.2827813E7,89.0,Office Space
199,1996-11-21,1.5E8,111.0,Star Trek: First Contact
2077,1916-12-04,0.0,24.0,The Rink
2084,2001-09-06,0.0,93.0,Birthday Girl
2089,2000-08-26,0.0,104.0,Cutaway
4459,1952-09-26,0.0,77.0,Night Without Sleep
4519,2007-06-06,0.0,109.0,Conversations with My Gardener
5460,2004-05-25,0.0,85.0,Cruel Intentions 3
5839,1959-09-23,0.0,132.0,The Magliari
709,1989-07-07,1.56167015E8,133.0,Licence to Kill
3054,1968-12-30,2400000.0,105.0,The Wrecking Crew
26776,1957-01-01,0.0,79.0,The Halliday Brand
27815,1990-03-02,0.0,90.0,Basket Case 2
27850,1998-11-10,0.0,81.0,Halloweentown
36401,2003-09-19,0.0,113.0,Pornography
43419,1937-09-03,0.0,92.0,Souls at Sea
56171,2011-01-29,0.0,90.0,Mega Python vs. Gatoroid
59333,2009-04-04,0.0,108.0,Official Rejection
63276,1998-01-01,0.0,null,L"odore della notte
86835,2015-02-08,566006.0,118.0,Knight of Cups
94480,1958-12-01,0.0,70.0,The Lost Missile
66,1997-02-14,5.006831E7,121.0,Absolute Power
200,1998-12-10,1.18E8,103.0,Star Trek: Insurrection
240,1974-12-20,4.7542841E7,200.0,The Godfather: Part II
422,1963-02-14,0.0,138.0,8쩍
512,2006-07-27,3.1584901E7,96.0,Scoop
600,1987-06-26,4.6357676E7,116.0,Full Metal Jacket
691,1977-07-07,1.85438673E8,125.0,The Spy Who Loved Me
798,1953-08-26,0.0,91.0,P체nktchen und Anton
861,1990-06-01,2.61317921E8,113.0,Total Recall
1647,2003-01-31,1.01191884E8,115.0,The Recruit
2026,2005-03-10,7.7944725E7,113.0,Hostage
2093,1988-02-11,0.0,105.0,Amsterdamned
2141,2001-08-04,0.0,90.0,James Dean
74948,1974-01-01,0.0,107.0,Steppenwolf
700,1983-06-05,1.875E8,131.0,Octopussy
13,1994-07-06,6.77945399E8,142.0,Forrest Gump
146,2000-10-01,2.13525736E8,120.0,Crouching Tiger_ Hidden Dragon
195,1932-10-21,0.0,83.0,Trouble in Paradise
201,2002-12-13,6.7312826E7,117.0,Star Trek: Nemesis
238,1972-03-14,2.45066411E8,175.0,The Godfather
243,2000-03-17,4.7126295E7,113.0,High Fidelity
271,1984-12-20,0.0,126.0,Ronja Robbersdaughter
343,1971-12-20,0.0,91.0,Harold and Maude
687,1995-12-29,3.9363635E7,122.0,Dead Man Walking
801,1987-12-23,1.2392237E8,121.0,Good Morning_ Vietnam
830,1956-03-15,3250000.0,98.0,Forbidden Planet
2033,1996-10-04,0.0,119.0,Infinity
2091,2002-09-07,0.0,99.0,The Badge
705,1950-11-09,63463.0,138.0,All About Eve
6187,1997-09-24,0.0,97.0,Dry Cleaning
8129,1998-05-15,0.0,105.0,My Name Is Joe
26116,2005-11-02,0.0,94.0,The Mechanik
26133,1999-12-05,0.0,89.0,Tuesdays with Morrie
26422,1996-05-12,0.0,126.0,The Pillow Book
27674,2002-12-31,0.0,85.0,Wolves of Wall Street
27706,1975-04-22,0.0,90.0,The Night Child
39446,2010-04-10,0.0,90.0,At Risk
40826,1957-10-01,0.0,77.0,Affair in Havana
43177,1945-01-01,0.0,102.0,Son of Lassie
47518,2010-06-15,0.0,79.0,The Tortured
49280,1900-01-01,0.0,1.0,The One-Man Band
56339,2011-01-21,0.0,96.0,Qualunquemente
61401,2002-09-13,0.0,104.0,Tibet: Cry of the Snow Lion
62437,1971-10-08,0.0,85.0,Land of Silence and Darkness
312,1996-12-18,0.0,109.0,Beyond Silence
867,1993-05-21,1.163E8,108.0,Sliver
1024,1994-09-02,3049135.0,99.0,Heavenly Creatures
299,1960-02-17,0.0,127.0,Ocean"s Eleven
1623,1980-06-20,3.7121708E7,125.0,Brubaker
2771,2003-08-15,6003587.0,101.0,American Splendor
2882,2007-02-10,0.0,97.0,Hunting and Gathering
3001,1966-07-13,0.0,123.0,How to Steal a Million
3177,2003-07-05,0.0,155.0,Battle Royale II: Requiem
3764,1960-11-23,0.0,94.0,The Naked Island
3766,1947-12-24,0.0,87.0,The Lady from Shanghai
2310,2007-11-05,1.95735876E8,115.0,Beowulf
3051,1966-07-01,0.0,96.0,Eye of the Devil
3117,1973-03-31,0.0,93.0,Frankenstein and the Monster from Hell
957,1987-06-24,3.8119483E7,96.0,Spaceballs
2436,1994-11-04,2341309.0,89.0,Double Dragon
330,1997-05-23,2.29074524E8,129.0,The Lost World: Jurassic Park
944,1998-07-10,2.85444603E8,127.0,Lethal Weapon 4
1583,2001-08-23,0.0,93.0,Lammbock
1938,1952-12-10,0.0,92.0,Angel Face
2102,1990-07-14,0.0,112.0,Solar Crisis
2182,1978-10-01,0.0,87.0,Attack of the Killer Tomatoes!
2988,1973-05-11,0.0,95.0,The Harrad Experiment
3076,1943-03-05,0.0,74.0,Frankenstein Meets the Wolf Man
3122,1971-10-22,0.0,99.0,Lady Frankenstein
3427,1971-02-17,0.0,112.0,Max and the Junkmen
3432,2007-06-01,4.1637263E7,120.0,Mr. Brooks
3115,1966-12-17,0.0,87.0,Godzilla vs. The Sea Monster
3118,1984-08-14,0.0,100.0,Frankenstein 90
3877,2007-09-26,2849142.0,113.0,Things We Lost in the Fire
5876,2007-11-21,5.709619E7,126.0,The Mist
1165,2006-09-15,1.23384128E8,103.0,The Queen
3576,1942-08-01,0.0,89.0,Calling Dr. Gillespie
3581,1972-01-01,0.0,87.0,Death Line
4553,2004-02-09,8203235.0,101.0,The Machinist
4887,2006-12-01,0.0,96.0,Takva: A Man"s Fear of God
26554,1986-12-12,0.0,85.0,Class of Nuke "Em High
26603,1988-02-25,0.0,98.0,Vice Versa
27922,1969-06-06,0.0,90.0,Don"t Grieve!
32825,1961-06-15,0.0,114.0,Wild in the Country
33558,2009-01-23,0.0,106.0,Dog Eat Dog
33660,1996-11-30,0.0,93.0,Shiloh
51357,1920-12-22,0.0,19.0,The Scarecrow
56801,1916-12-16,0.0,300.0,Judex
58432,2006-10-06,0.0,92.0,The Dark Hour
59810,2011-08-02,0.0,0.0,The Least of These
63481,1976-02-11,0.0,81.0,Calmos
69278,2011-07-13,0.0,95.0,Phase 7
73211,2010-12-16,0.0,120.0,King of Devil"s Island
74545,1939-06-30,0.0,72.0,The Saint In London
84187,2012-11-09,0.0,95.0,The Comedy
84601,1951-07-28,0.0,7.0,The Wearing of the Grin
85025,2010-11-24,0.0,98.0,Memory Lane
88812,1947-08-27,0.0,115.0,The Hucksters
26686,1978-12-15,0.0,103.0,California Suite
42015,1987-03-13,0.0,85.0,Swimming to Cambodia
44022,1956-09-01,0.0,92.0,Bandido!
57353,2011-04-01,0.0,102.0,Cat Run
74946,2001-11-11,0.0,213.0,Feast of All Saints
8827,100,null,null,6.4
1998,2004-10-16,0.0,130.0,Holy Lola
2748,1954-09-07,0.0,85.0,Journey to Italy
4566,2007-09-28,9.2991835E7,119.0,Michael Clayton
5139,2007-12-27,0.0,110.0,The Fox & the Child
5910,1997-09-03,0.0,103.0,Fireworks
8838,1998-04-03,0.0,111.0,Mercury Rising
8899,2008-08-27,0.0,105.0,Lorna"s Silence
32031,1986-01-01,0.0,102.0,Let"s Get Harry
36519,1932-11-07,0.0,81.0,Payment Deferred
37857,2001-02-10,6297.0,89.0,Don"s Plum
42011,1987-02-07,0.0,127.0,A Taxing Woman
58293,1968-02-07,0.0,95.0,The Anniversary
62999,2005-03-25,0.0,93.0,From 180 & Taller
83132,1958-04-07,0.0,105.0,St. Louis Blues
98491,1970-06-09,0.0,104.0,Wuthering Heights
779,1932-05-06,0.0,73.0,Vampyr
26564,1994-09-10,3174695.0,119.0,Crumb
70121,2000-01-01,0.0,93.0,First Target
1993,2006-09-22,0.0,118.0,Golden Door
627,1996-02-23,1.649108E7,93.0,Trainspotting
630,1939-08-15,3.3754967E7,102.0,The Wizard of Oz
685,1938-04-20,0.0,100.0,Olympia Part Two: Festival of Beauty
781,1997-10-30,0.0,120.0,Wintersleepers
848,1981-06-26,1.4110013E7,108.0,Dragonslayer
991,1976-03-18,0.0,138.0,The Man Who Fell to Earth
3079,1957-05-02,0.0,82.0,The Curse of Frankenstein
3936,1940-07-25,0.0,72.0,Blondie Has Servant Trouble
5421,1981-10-11,0.0,96.0,Monster Hunter
5994,2000-12-12,0.0,125.0,The Family Man
7303,2002-12-13,1.54906693E8,105.0,Maid in Manhattan
8833,1984-10-19,0.0,99.0,Double Trouble
8935,2008-05-23,0.0,112.0,Parking
8998,2006-09-07,1.3368437E7,88.0,Friends with Money
26680,1977-07-15,0.0,85.0,Shock Waves
31694,1985-01-01,0.0,111.0,Trouble in Mind
38499,1995-01-01,0.0,90.0,The Howling: New Moon Rising
39435,1958-02-19,0.0,92.0,Cowboy
43908,2010-02-17,0.0,122.0,Kosmos
43930,2010-08-08,1.6504936E7,103.0,Tomorrow_ When the War Began
44974,2006-10-15,0.0,0.0,Kettle of Fish
46948,1986-01-31,0.0,111.0,Power
47200,2004-01-01,0.0,86.0,Schizo
49957,2008-01-01,0.0,60.0,Carts of Darkness
55872,1945-04-29,0.0,76.0,Tarzan and the Amazons
56715,2001-04-06,0.0,88.0,Just Visiting
57326,2002-11-26,0.0,90.0,Sabretooth
63540,2009-01-08,0.0,100.0,To the Sea!
15,1941-04-30,2.3217674E7,119.0,Citizen Kane
1359,2000-04-13,3.4266564E7,102.0,American Psycho
2322,1992-09-09,1.05232691E8,126.0,Sneakers
4676,2004-02-04,0.0,110.0,Grande 챕cole
6058,1998-07-10,0.0,90.0,The Patriot
8814,2005-10-20,5.5987321E7,105.0,Doom
8965,2003-02-25,0.0,70.0,Atlantis: Milo"s Return
32029,1977-03-23,0.0,100.0,The Domino Principle
32596,1947-11-14,0.0,96.0,An Ideal Husband
37380,1953-05-21,0.0,103.0,Thunder Bay
37727,1984-10-19,0.0,101.0,J철nssonligan f책r guldfeber
43836,1939-07-13,0.0,112.0,The Man in the Iron Mask
47952,2002-01-01,0.0,109.0,Two Men Went To War
50162,1991-09-14,0.0,97.0,964 Pinocchio
50601,2011-04-14,17479.0,113.0,5 Days of War
54648,1995-04-11,3983912.0,74.0,The Pebble and the Penguin
59421,2010-08-19,0.0,115.0,Bedevilled
64116,2002-10-18,0.0,83.0,Falling Sky
70282,2000-01-01,0.0,107.0,The Visit
71254,2011-10-11,0.0,94.0,Arena
71520,1960-08-05,0.0,71.0,Last Woman on Earth
72701,2008-07-18,0.0,120.0,Camila Jam
74154,2005-01-14,0.0,0.0,Nuvvostanante Nenoddantana
74580,1954-10-15,0.0,95.0,Peek-a-boo
78041,1986-05-30,0.0,93.0,Big Trouble
81512,1955-02-04,0.0,95.0,Many Rivers to Cross
84772,1916-03-05,0.0,64.0,Hell"s Hinges
86059,1967-10-31,5200000.0,152.0,The Comedians
92681,1998-01-09,0.0,90.0,T.N.T.
2348,1994-04-08,616938.0,93.0,Holy Matrimony
2984,1967-01-05,2000000.0,113.0,A Countess from Hong Kong
8008,2005-06-02,0.0,101.0,Mouth to Mouth
414,1995-06-16,3.36529144E8,121.0,Batman Forever
824,2001-03-09,1.79213434E8,127.0,Moulin Rouge!
1643,1972-10-14,3.6144E7,129.0,Last Tango in Paris
1844,1999-04-29,2.12404396E8,112.0,Entrapment
2487,1973-12-01,0.0,97.0,Lady Snowblood
3539,2004-09-11,0.0,100.0,Off Beat
901,1931-01-30,19181.0,87.0,City Lights
935,1964-01-29,9440272.0,95.0,Dr. Strangelove or: How I Learned to Stop Worrying and Love the Bomb
938,1965-12-18,1.5E7,132.0,For a Few Dollars More
946,1948-04-28,0.0,87.0,Letter from an Unknown Woman
956,2006-05-03,3.97850012E8,126.0,Mission: Impossible III
1936,1954-04-30,0.0,91.0,River of No Return
1940,1959-06-24,0.0,138.0,Porgy and Bess
1942,1965-10-03,0.0,107.0,Bunny Lake Is Missing
2612,1990-10-12,1.5379253E7,110.0,Mr. Destiny
2927,1990-02-15,0.0,98.0,Moon 44
3515,2003-05-14,490964.0,97.0,I"ll Sleep When I"m Dead
3580,2008-01-30,1.13020255E8,141.0,Changeling
3716,2000-08-23,0.0,100.0,In July
30,1995-12-23,0.0,44.0,Magnetic Rose
55,2000-06-16,2.0908467E7,154.0,Amores perros
103,1976-02-07,2.8262574E7,114.0,Taxi Driver
213,1959-07-07,1.3275E7,136.0,North by Northwest
242,1990-12-24,1.36766062E8,162.0,The Godfather: Part III
302,2003-05-18,2.2441323E7,102.0,Swimming Pool
347,1930-02-04,0.0,74.0,People on Sunday
452,1998-04-28,7235.0,117.0,The Idiots
698,1979-06-26,2.10308099E8,126.0,Moonraker
37853,1955-07-13,0.0,123.0,Mister Roberts
56156,1958-10-24,0.0,121.0,The Last Hurrah
275,1996-04-05,6.0611975E7,98.0,Fargo
473,1998-07-10,3221152.0,84.0,Pi
521,1954-05-29,3000000.0,104.0,Dial M for Murder
888,1994-05-26,3.41631208E8,91.0,The Flintstones
936,1963-12-19,1.0878107E7,115.0,The Pink Panther
961,1926-12-31,0.0,79.0,The General
984,1971-12-21,3.5976E7,102.0,Dirty Harry
1162,1962-05-22,2500000.0,106.0,The Miracle Worker
1419,2007-04-11,0.0,102.0,Vollidiot
2241,1999-10-07,0.0,101.0,Sun Alley
2287,2005-01-15,0.0,86.0,Rize
2370,1969-12-18,6000000.0,143.0,Topaz
2669,1984-05-04,8613462.0,132.0,The Bounty
2860,1970-12-11,0.0,105.0,Claire"s Knee
2899,2002-01-29,1.11127553E8,108.0,Asterix & Obelix: Mission Cleopatra
3028,1982-11-10,0.0,87.0,Jekyll and Hyde ... Together Again
3040,2004-06-27,3.2E7,114.0,Night Watch
3086,1941-02-25,0.0,97.0,The Lady Eve
3090,1948-01-24,4307000.0,126.0,The Treasure of the Sierra Madre
3480,1975-08-22,0.0,103.0,The Old Gun
3520,1965-06-15,0.0,125.0,Casanova "70
45928,1997-11-14,0.0,108.0,Incognito
4880,2006-11-29,0.0,119.0,Nichts als Gespenster
2200,1974-12-22,0.0,100.0,Jacob the Liar
3097,2003-05-24,25800.0,127.0,The Tulse Luper Suitcases_ Part 1: The Moab Story
3632,1936-10-10,0.0,245.0,Flash Gordon
5333,1988-09-30,670774.0,124.0,Apartment Zero
6609,1976-11-25,0.0,105.0,Keoma
7210,2008-04-02,0.0,90.0,Hardcover
7211,2007-10-26,6.8377859E7,98.0,Dan in Real Life
8199,2006-01-23,0.0,88.0,Dreamland
8584,2000-05-26,5.6932305E7,110.0,Shanghai Noon
25952,1955-04-20,0.0,81.0,Conquest of Space
105246,1985-11-01,0.0,88.0,Basic Training
289,1942-11-26,1.04625E7,102.0,Casablanca
387,1981-09-16,8.5E7,149.0,Das Boot
433,1964-08-27,1.02272727E8,139.0,Mary Poppins
476,1989-09-09,4729352.0,100.0,Drugstore Cowboy
892,1991-04-17,1794187.0,99.0,Delicatessen
1495,2005-05-03,2.11643158E8,144.0,Kingdom of Heaven
2016,2006-05-25,2.2963701E7,128.0,Days of Glory
2195,2008-01-31,0.0,95.0,Beste Zeit
2266,2006-05-16,4857367.0,120.0,Paris_ je t"aime
2331,1999-12-25,0.0,240.0,Jesus
4180,1985-09-18,2052466.0,106.0,Three Men and a Cradle
6877,2006-03-10,1.28406887E8,97.0,Failure to Launch
205,2004-09-11,3.8E7,121.0,Hotel Rwanda
554,2002-01-01,0.0,100.0,The Cuckoo
695,1993-09-05,6110979.0,187.0,Short Cuts
1404,2004-02-13,0.0,104.0,Ae Fond Kiss...
3109,1952-07-21,0.0,129.0,The Quiet Man
3110,1953-04-23,2.0E7,118.0,Shane
6615,2007-10-12,1.1293663E7,106.0,Lars and the Real Girl
94466,1971-05-18,0.0,123.0,The Ceremony
219,2006-03-16,8.5582407E7,121.0,Volver
6474,1966-11-25,0.0,93.0,Navajo Joe
533,2005-09-04,1.92452832E8,85.0,The Curse of the Were-Rabbit
692,1972-03-12,6000000.0,93.0,Pink Flamingos
833,1952-01-20,0.0,89.0,Umberto D.
2798,1967-10-10,0.0,85.0,Oscar
2817,1997-11-12,0.0,120.0,Same Old Song
4338,1998-09-13,0.0,90.0,I Woke Up Early The Day I Died
4339,1990-02-15,0.0,92.0,The Nasty Girl
4443,1974-11-20,0.0,104.0,Nuits rouges
4923,1974-02-06,0.0,105.0,Zardoz
4990,1975-12-25,0.0,120.0,Hustle
72356,2000-08-23,0.0,100.0,Sade
156,2002-11-08,0.0,111.0,Wilbur Wants to Kill Himself
178,1994-07-01,3.0156002E7,121.0,Blown Away
184,1997-12-24,3.9673162E7,154.0,Jackie Brown
291,2004-07-09,3166000.0,105.0,Riding Giants
392,2000-12-14,1.52500343E8,121.0,Chocolat
469,1984-10-01,0.0,89.0,Stranger Than Paradise
846,1998-06-19,1.89198313E8,121.0,The X Files
2897,1956-10-17,4.2E7,167.0,Around the World in Eighty Days
54732,2010-04-20,0.0,53.0,Silly Little Game
55253,2006-04-26,0.0,89.0,The Machine
25771,1972-08-31,0.0,85.0,Pink Floyd: Live at Pompeii
2652,2005-01-14,7022209.0,103.0,Hard Candy
1979,2007-06-13,2.89047763E8,92.0,Fantastic 4: Rise of the Silver Surfer
2789,2004-06-11,1.15772733E8,119.0,The Chronicles of Riddick
3075,1969-05-22,0.0,98.0,Frankenstein Must Be Destroyed
3777,1957-01-15,0.0,110.0,Throne of Blood
3875,2004-08-27,0.0,117.0,Brothers
4368,2003-04-15,0.0,94.0,Dark Wolf
4893,1966-01-26,0.0,110.0,Where the Spies Are
5153,1914-06-01,0.0,148.0,Cabiria
8128,1978-03-01,0.0,82.0,The Sorcerer"s Apprentice
8194,2006-09-29,516139.0,104.0,A Guide To Recognizing Your Saints
8848,2008-02-28,6.4822796E7,112.0,The Bank Job
8906,2008-05-17,0.0,98.0,Cloud 9
25774,2007-12-31,0.0,90.0,Fados
25807,1949-09-30,0.0,83.0,Red Light
26125,2004-12-20,0.0,90.0,The Defender
26171,2009-12-04,0.0,99.0,Everybody"s Fine
26176,1976-01-01,0.0,95.0,Mother_ Jugs & Speed
26320,2009-09-03,0.0,120.0,Taking Woodstock
26326,1979-08-24,0.0,93.0,Rock "n" Roll High School
26631,2006-01-01,0.0,82.0,In the Blood
26693,2009-06-27,0.0,61.0,Ju-on: White Ghost
27329,2001-08-17,0.0,185.0,The Legend of Suriyothai
31270,1964-12-10,0.0,105.0,The Great Spy Chase
31502,2001-12-12,0.0,90.0,Samurai X : Reflection
32686,1996-09-11,0.0,80.0,Gray"s Anatomy
32728,1984-09-15,0.0,87.0,Before Stonewall
33592,1988-05-20,0.0,110.0,White of the Eye
33817,2007-03-04,0.0,95.0,Satan찼s - Profile of a Killer
40833,1999-08-10,0.0,93.0,King Cobra
45662,2010-05-26,0.0,76.0,Space Chimps 2: Zartog Strikes Back
48231,2011-09-30,2.7462041E7,99.0,A Dangerous Method
52666,1999-11-19,0.0,106.0,The Debt
53435,1979-09-28,0.0,100.0,A Man_ a Woman and a Bank
71700,2010-01-01,0.0,89.0,Repeaters
80844,1977-06-08,0.0,165.0,The Other Side of Midnight
85788,2008-01-01,0.0,84.0,Margaret Thatcher: The Long Walk to Finchley
90374,2006-10-12,0.0,81.0,Wood & Stock: Sexo_ Or챕gano e Rock"n"Roll
92309,1976-12-24,0.0,90.0,The Monkey Hustle
92496,1989-08-17,0.0,120.0,Ninja Academy
97593,1976-05-20,0.0,76.0,Shark Kill
103299,1992-11-13,3206713.0,105.0,Traces of Red
103688,2000-06-28,0.0,92.0,Daydream Believers: The Monkees Story
105763,1996-06-06,0.0,100.0,A Chef in Love
110748,1970-01-01,0.0,105.0,History of Postwar Japan as Told by a Bar Hostess
112655,1937-09-30,0.0,60.0,Idol of the Crowds
114044,2006-01-06,0.0,71.0,Interkosmos
121113,1970-08-27,0.0,95.0,FALSE
4972,2003-03-08,0.0,100.0,The Green Butchers
8337,1988-11-23,1.3008928E7,94.0,They Live
499,1962-04-11,0.0,90.0,Cl챕o from 5 to 7
4593,1972-09-15,0.0,101.0,The Discreet Charm of the Bourgeoisie
1633,1991-12-27,1.19418501E8,130.0,Fried Green Tomatoes
2969,1928-01-25,0.0,108.0,A Daughter Of Destiny
2972,1920-10-28,0.0,85.0,The Golem: How He Came Into the World
3125,1971-12-01,0.0,94.0,Dracula vs. Frankenstein
3171,1969-01-01,0.0,2.0,Bambi Meets Godzilla
50794,2003-06-13,0.0,120.0,The Even Stevens Movie
1934,1998-12-11,2.89317794E8,122.0,Shakespeare in Love
2654,1994-12-12,8946600.0,95.0,In the Mouth of Madness
25750,1996-10-08,0.0,85.0,Children of the Corn IV: The Gathering
31156,2013-11-25,0.0,35.0,Dante"s Hell Animated
80831,2009-12-17,0.0,121.0,Sang Pemimpi
84944,1952-07-25,0.0,74.0,The White Reindeer
85367,1953-07-31,0.0,87.0,Vice Squad
68659,1971-08-16,0.0,109.0,The Horsemen
73881,2009-02-02,0.0,28.0,Thawing Out
80241,1954-12-29,0.0,100.0,Green Fire
108548,1997-05-05,0.0,95.0,Voyage to the Beginning of the World
105593,1981-01-01,0.0,50.0,You Are Not I
80,2004-02-10,1.5992615E7,80.0,Before Sunset
401,2004-07-28,2.6781723E7,102.0,Garden State
615,2004-02-25,6.1189942E8,127.0,The Passion of the Christ
759,1953-07-14,0.0,91.0,Gentlemen Prefer Blondes
4174,1945-12-28,7000000.0,111.0,Spellbound
5899,1992-04-17,0.0,108.0,The Northerners
7091,1988-09-17,725131.0,103.0,Vampire"s Kiss
7840,2008-02-22,2.66E8,109.0,10_000 BC
7944,2008-02-07,0.0,122.0,Shine a Light
8989,1987-06-05,4.9998613E7,110.0,Harry and the Hendersons
7456,2006-03-16,0.0,105.0,Die Wolke
7459,2008-05-09,9.3945766E7,135.0,Speed Racer
8951,2007-09-01,0.0,104.0,Don"t Think About It
694,1980-05-22,4.4017374E7,144.0,The Shining
742,2000-08-25,0.0,106.0,Together
1581,2006-12-08,1.941687E8,136.0,The Holiday
1626,1962-09-20,24517.0,85.0,Vivre Sa Vie
1975,2006-10-13,3.9143839E7,102.0,The Grudge 2
2119,1990-06-27,1.57920733E8,107.0,Days of Thunder
2325,2009-01-01,0.0,120.0,Leningrad
577,1995-05-20,2.1284514E7,106.0,To Die For
1592,1996-04-03,1.02616183E8,129.0,Primal Fear
2525,1966-09-28,0.0,174.0,The Bible: In the Beginning...
6163,2009-01-14,0.0,108.0,The Hessen Affair
6793,1921-04-07,0.0,81.0,The Haunted Castle
42191,1945-10-24,0.0,79.0,Johnny Angel
59392,2010-07-10,0.0,90.0,Backlight
93061,1956-03-21,0.0,77.0,Rock Around the Clock
941,1987-03-06,1.20207127E8,110.0,Lethal Weapon
8341,2001-01-01,0.0,138.0,Samsara
3078,1934-02-22,4500000.0,105.0,It Happened One Night
4587,1990-12-14,3.5419397E7,110.0,Mermaids
4584,1995-12-13,1.35E8,136.0,Sense and Sensibility
619,1992-11-25,4.1100674E8,129.0,The Bodyguard
879,1991-12-11,3.00854823E8,144.0,Hook
907,1965-12-22,1.11858363E8,197.0,Doctor Zhivago
1363,1998-12-30,0.0,114.0,The Hi-Lo Country
1858,2007-06-27,7.0970978E8,144.0,Transformers
2039,1987-12-18,8.0640528E7,102.0,Moonstruck
2045,1996-02-23,0.0,106.0,Unforgettable
2048,2004-07-15,3.47234916E8,115.0,I_ Robot
2057,2001-08-03,3.540232E7,118.0,Original Sin
2168,2006-05-26,0.0,91.0,2:37
3604,1980-09-01,2.710796E7,111.0,Flash Gordon
4024,1961-05-25,0.0,95.0,Last Year at Marienbad
4133,2001-04-04,8.3282296E7,124.0,Blow
4141,2007-07-26,2.6820641E7,86.0,Shoot "Em Up
4169,2007-02-12,3.3231264E7,110.0,Breach
4248,2001-07-04,1.41220678E8,83.0,Scary Movie 2
4912,2002-12-30,3.3013805E7,113.0,Confessions of a Dangerous Mind
4912,2002-12-30,3.3013805E7,113.0,Confessions of a Dangerous Mind
4912,2002-12-30,3.3013805E7,113.0,Confessions of a Dangerous Mind
4912,2002-12-30,3.3013805E7,113.0,Confessions of a Dangerous Mind
5038,2008-08-15,9.6408652E7,96.0,Vicky Cristina Barcelona
5048,1991-09-05,1750301.0,120.0,Prospero"s Books
5168,2002-05-19,0.0,104.0,To Be and to Have
5375,2007-11-03,9.7838349E7,116.0,Fred Claus
6182,1999-08-08,0.0,99.0,The Dream Catcher
6414,2004-04-29,0.0,117.0,Beautiful Boxer
6646,1950-07-18,0.0,96.0,Treasure Island
6723,1990-12-06,2.1633874E7,120.0,The Rookie
6970,1998-08-13,0.0,106.0,Welcome to Woop Woop
7294,2002-03-01,0.0,97.0,The Man Without a Past
7916,2008-01-01,0.0,95.0,Far Cry
8460,2002-04-09,0.0,99.0,The Skulls II
8916,1998-10-02,1.71757863E8,83.0,Antz
8986,1994-08-31,1.8137661E7,108.0,Milk Money
8988,2008-03-28,1.120713E7,113.0,Stop-Loss
8999,2005-11-11,5.7479076E7,108.0,Derailed
26386,1988-11-11,2.8202109E7,95.0,Ernest Saves Christmas
31026,2002-12-20,0.0,110.0,Distant
8884,2008-10-16,0.0,98.0,Franklyn
32302,1998-04-10,0.0,93.0,3 Ninjas: High Noon at Mega Mountain
8275,2006-12-07,0.0,97.0,American Pie Presents: The Naked Mile
78321,1984-01-10,0.0,101.0,Dog Day
79008,1982-10-22,0.0,103.0,Jinxed!
74727,2010-05-18,0.0,81.0,Long Pigs
107412,1986-12-01,0.0,84.0,Silk
488,1951-12-03,1.075E7,105.0,The African Queen
1652,1994-12-21,0.0,92.0,00 Schneider - Jagd auf Nihil Baxter
4518,1998-09-13,8.2150642E7,124.0,Elizabeth
4612,2003-01-01,0.0,96.0,Absolon
5473,2004-09-02,0.0,110.0,De Dominee
5780,1966-07-13,1.3E7,128.0,Torn Curtain
6114,1992-11-13,2.15862692E8,128.0,Dracula
8872,1992-02-14,1.21697323E8,94.0,Wayne"s World
8892,2008-05-16,7356393.0,152.0,A Christmas Tale
8893,2009-09-17,0.0,118.0,It"s Hard Being Loved by Jerks
8923,2005-09-09,3154346.0,109.0,Green Street Hooligans
8938,2008-05-14,0.0,112.0,Tokyo!
25744,2007-03-16,0.0,90.0,A Slit-Mouthed Woman
26258,1995-08-04,0.0,90.0,Bushwhacked
26655,2006-06-06,0.0,96.0,Like Mike 2: Streetball
26809,2009-12-24,0.0,22.0,Prep & Landing
27322,1997-03-14,0.0,104.0,Love Jones
31682,1957-02-22,0.0,81.0,The Incredible Shrinking Man
33138,1984-10-07,0.0,90.0,The Times of Harvey Milk
40226,2002-01-01,0.0,112.0,The Era of Vampires
50011,1959-05-28,0.0,98.0,Look Back in Anger
62764,2012-03-15,1.83018522E8,106.0,Mirror Mirror
77291,1999-04-21,0.0,110.0,Orfeu
87884,1974-05-29,0.0,98.0,The Teacher
92424,2011-11-23,0.0,85.0,The Art of Love
95752,1978-02-10,0.0,100.0,The Other Side of the Mountain: Part II
